,X,CH2
0,3.964e-05,-0.000174
1,3.9641e-05,0.8
2,3.9642e-05,-0.000174
3,3.9643e-05,0.8
4,3.9644e-05,-0.000174
5,3.9645e-05,0.8
6,3.9646e-05,0.8
7,3.9647e-05,0.8
8,3.9648e-05,-0.000174
9,3.9649e-05,0.8
10,3.965e-05,-0.000174
11,3.9651e-05,0.8
12,3.9652e-05,-0.000174
13,3.9653e-05,0.8
14,3.9654e-05,0.8
15,3.9655e-05,0.8
16,3.9656e-05,-0.000174
17,3.9656999999999997e-05,0.8
18,3.9658e-05,-0.000174
19,3.9659e-05,0.8
20,3.966e-05,-0.000174
21,3.9661e-05,0.8
22,3.9662e-05,0.8
23,3.9663e-05,0.8
24,3.9664e-05,-0.000174
25,3.9665e-05,0.8
26,3.9666e-05,0.8
27,3.9667e-05,0.8
28,3.9668e-05,-0.000174
29,3.9669e-05,0.8
30,3.967e-05,0.8
31,3.9671e-05,0.8
32,3.9672e-05,-0.000174
33,3.9673e-05,0.8
34,3.9674e-05,-0.000174
35,3.9675e-05,0.8
36,3.9676e-05,-0.000174
37,3.9677e-05,0.8
38,3.9678e-05,0.8
39,3.9679e-05,0.8
40,3.968e-05,-0.000174
41,3.9681e-05,0.8
42,3.9682e-05,0.8
43,3.9683e-05,0.8
44,3.9684e-05,-0.000174
45,3.9685e-05,0.8
46,3.9686e-05,-0.000174
47,3.9687e-05,0.8
48,3.9688e-05,-0.000174
49,3.9689e-05,0.8
50,3.969e-05,-0.000174
51,3.9690999999999997e-05,0.8
52,3.9692e-05,-0.000174
53,3.9693e-05,0.8
54,3.9694e-05,-0.000174
55,3.9695e-05,0.8
56,3.9696e-05,-0.000174
57,3.9697e-05,0.8
58,3.9698e-05,0.8
59,3.9699e-05,0.8
60,3.97e-05,-0.000174
61,3.9701e-05,0.8
62,3.9702e-05,0.8
63,3.9703e-05,0.8
64,3.9704e-05,-0.000174
65,3.9705e-05,0.8
66,3.9706e-05,-0.000174
67,3.9707e-05,0.8
68,3.9708e-05,-0.000174
69,3.9709e-05,0.8
70,3.971e-05,0.8
71,3.9711e-05,0.8
72,3.9712e-05,-0.000174
73,3.9713e-05,0.8
74,3.9714e-05,-0.000174
75,3.9715e-05,0.8
76,3.9716e-05,-0.000174
77,3.9717e-05,0.8
78,3.9718e-05,0.8
79,3.9719e-05,0.8
80,3.972e-05,-0.000174
81,3.9721e-05,0.8
82,3.9722e-05,-0.000174
83,3.9723e-05,0.8
84,3.9724e-05,-0.000174
85,3.9724999999999997e-05,0.8
86,3.9726e-05,0.8
87,3.9727e-05,0.8
88,3.9728e-05,-0.000174
89,3.9729e-05,0.8
90,3.973e-05,0.8
91,3.9731e-05,0.8
92,3.9732e-05,-0.000174
93,3.9733e-05,0.8
94,3.9734e-05,0.8
95,3.9735e-05,0.8
96,3.9736e-05,-0.000174
97,3.9737e-05,0.8
98,3.9738e-05,-0.000174
99,3.9739e-05,0.8
100,3.974e-05,-0.000174
101,3.9741e-05,0.8
102,3.9742e-05,0.8
103,3.9743e-05,0.8
104,3.9744e-05,-0.000174
105,3.9745e-05,0.8
106,3.9746e-05,0.8
107,3.9747e-05,0.8
108,3.9748e-05,-0.000174
109,3.9749e-05,0.8
110,3.975e-05,0.8
111,3.9751e-05,0.8
112,3.9752e-05,-0.000174
113,3.9753e-05,0.8
114,3.9754e-05,-0.000174
115,3.9755e-05,0.8
116,3.9756e-05,-0.000174
117,3.9757e-05,0.8
118,3.9758e-05,0.8
119,3.9758999999999997e-05,0.8
120,3.976e-05,-0.000174
121,3.9761e-05,0.8
122,3.9762e-05,-0.000174
123,3.9763e-05,0.8
124,3.9764e-05,-0.000174
125,3.9765e-05,0.8
126,3.9766e-05,0.8
127,3.9767e-05,0.8
128,3.9768e-05,-0.000174
129,3.9769e-05,0.8
130,3.977e-05,-0.000174
131,3.9771e-05,0.8
132,3.9772e-05,-0.000174
133,3.9773e-05,0.8
134,3.9774e-05,0.8
135,3.9775e-05,0.8
136,3.9776e-05,-0.000174
137,3.9777e-05,0.8
138,3.9778e-05,0.8
139,3.9779e-05,0.8
140,3.978e-05,-0.000174
141,3.9781e-05,0.8
142,3.9782e-05,0.8
143,3.9783e-05,0.8
144,3.9784e-05,-0.000174
145,3.9785e-05,0.8
146,3.9786e-05,0.8
147,3.9787e-05,0.8
148,3.9788e-05,-0.000174
149,3.9789e-05,0.8
150,3.979e-05,0.8
151,3.9791e-05,0.8
152,3.9792e-05,-0.000174
153,3.9793e-05,0.8
154,3.9794e-05,0.8
155,3.9795e-05,0.8
156,3.9796e-05,-0.000174
157,3.9797e-05,0.8
158,3.9798e-05,0.8
159,3.9799e-05,0.8
160,3.98e-05,-0.000174
161,3.9801e-05,0.8
162,3.9802e-05,0.8
163,3.9803e-05,0.8
164,3.9804e-05,-0.000174
165,3.9805e-05,0.8
166,3.9806e-05,0.8
167,3.9807e-05,0.8
168,3.9808e-05,-0.000174
169,3.9809e-05,0.8
170,3.981e-05,0.8
171,3.9811e-05,0.8
172,3.9812e-05,0.8
173,3.9813e-05,0.8
174,3.9814e-05,0.8
175,3.9815e-05,0.8
176,3.9816e-05,-0.000174
177,3.9817e-05,0.8
178,3.9818e-05,0.8
179,3.9819e-05,0.8
180,3.982e-05,-0.000174
181,3.9821e-05,0.8
182,3.9822e-05,0.8
183,3.9823e-05,0.8
184,3.9824e-05,-0.000174
185,3.9825e-05,0.8
186,3.9826e-05,0.8
187,3.9827e-05,0.8
188,3.9828e-05,-0.000174
189,3.9829e-05,0.8
190,3.983e-05,0.8
191,3.9831e-05,0.8
192,3.9832e-05,-0.000174
193,3.9833e-05,0.8
194,3.9834e-05,0.8
195,3.9835e-05,0.8
196,3.9836e-05,0.8
197,3.9837e-05,0.8
198,3.9838e-05,0.8
199,3.9839e-05,0.8
200,3.984e-05,0.8
201,3.9841e-05,0.8
202,3.9842e-05,0.8
203,3.9843e-05,0.8
204,3.9844e-05,0.8
205,3.9845e-05,0.8
206,3.9846e-05,0.8
207,3.9847e-05,0.8
208,3.9848e-05,0.8
209,3.9849e-05,1.6
210,3.985e-05,1.6
211,3.9851e-05,1.6
212,3.9852e-05,0.8
213,3.9853e-05,1.6
214,3.9854e-05,1.6
215,3.9855e-05,1.6
216,3.9856e-05,1.6
217,3.9857e-05,1.6
218,3.9858e-05,1.6
219,3.9859e-05,1.6
220,3.986e-05,1.6
221,3.9861e-05,1.6
222,3.9862e-05,2.4
223,3.9863e-05,2.4
224,3.9864e-05,1.6
225,3.9865e-05,2.4
226,3.9866e-05,2.4
227,3.9867e-05,2.4
228,3.9868e-05,2.4
229,3.9869e-05,2.4
230,3.987e-05,2.4
231,3.9871e-05,2.4
232,3.9872e-05,2.4
233,3.9873e-05,2.4
234,3.9874e-05,2.4
235,3.9875e-05,3.2
236,3.9876e-05,2.4
237,3.9877e-05,3.2
238,3.9878e-05,3.2
239,3.9879e-05,3.2
240,3.988e-05,2.4
241,3.9881e-05,3.2
242,3.9882e-05,3.2
243,3.9883e-05,3.2
244,3.9884e-05,3.2
245,3.9885e-05,3.2
246,3.9886e-05,3.2
247,3.9887e-05,4.0
248,3.9888e-05,3.2
249,3.9889e-05,4.0
250,3.989e-05,3.2
251,3.9891e-05,4.0
252,3.9892e-05,4.0
253,3.9893e-05,4.0
254,3.9894e-05,4.0
255,3.9895e-05,4.0
256,3.9896e-05,4.0
257,3.9897e-05,4.0
258,3.9898e-05,4.0
259,3.9899e-05,4.0
260,3.99e-05,4.0
261,3.9901e-05,4.8
262,3.9902e-05,4.8
263,3.9903e-05,4.8
264,3.9904e-05,4.0
265,3.9905e-05,4.8
266,3.9906e-05,4.8
267,3.9907e-05,4.8
268,3.9908e-05,4.8
269,3.9909e-05,4.8
270,3.991e-05,4.8
271,3.9911e-05,5.6
272,3.9912e-05,4.8
273,3.9913e-05,5.6
274,3.9914e-05,5.6
275,3.9915e-05,5.6
276,3.9916e-05,5.6
277,3.9917e-05,5.6
278,3.9918e-05,5.6
279,3.9919e-05,5.6
280,3.992e-05,5.6
281,3.9921e-05,6.4
282,3.9922e-05,6.4
283,3.9923e-05,6.4
284,3.9924e-05,6.4
285,3.9925e-05,6.4
286,3.9926e-05,6.4
287,3.9927e-05,7.2
288,3.9928e-05,6.4
289,3.9929e-05,7.2
290,3.993e-05,7.2
291,3.9931e-05,7.2
292,3.9932e-05,7.2
293,3.9933e-05,8.0
294,3.9934e-05,8.0
295,3.9935e-05,8.8
296,3.9936e-05,8.0
297,3.9937e-05,8.8
298,3.9938e-05,8.8
299,3.9939e-05,9.6
300,3.994e-05,9.6
301,3.9941e-05,10.4
302,3.9942e-05,10.4
303,3.9943e-05,11.2
304,3.9944e-05,11.2
305,3.9945e-05,12.0
306,3.9946e-05,12.8
307,3.9947e-05,13.6
308,3.9948e-05,13.6
309,3.9949e-05,15.2
310,3.995e-05,16.0
311,3.9951e-05,16.8
312,3.9952e-05,17.6
313,3.9953e-05,19.2
314,3.9954e-05,20.0
315,3.9955e-05,21.6
316,3.9956e-05,22.4
317,3.9957e-05,24.8
318,3.9958e-05,26.4
319,3.9959e-05,28.0
320,3.996e-05,29.6
321,3.9961e-05,31.2
322,3.9962e-05,33.6
323,3.9963e-05,35.2
324,3.9964e-05,37.6
325,3.9965e-05,39.2
326,3.9966e-05,41.6
327,3.9967e-05,44.0
328,3.9968e-05,46.4
329,3.9969e-05,48.0
330,3.997e-05,50.4
331,3.9971e-05,52.0
332,3.9972e-05,54.4
333,3.9973e-05,56.0
334,3.9974e-05,58.4
335,3.9975e-05,60.0
336,3.9976e-05,61.6
337,3.9977e-05,63.2
338,3.9978e-05,66.4
339,3.9979e-05,67.2
340,3.998e-05,69.6
341,3.9981e-05,70.4
342,3.9982e-05,72.0
343,3.9983e-05,73.6
344,3.9984e-05,75.2
345,3.9985e-05,75.2
346,3.9986e-05,76.8
347,3.9987e-05,77.6
348,3.9988e-05,78.4
349,3.9989e-05,79.2
350,3.999e-05,80.0
351,3.9991e-05,80.0
352,3.9992e-05,80.8
353,3.9993e-05,80.8
354,3.9994e-05,80.8
355,3.9995e-05,80.0
356,3.9996e-05,80.8
357,3.9997e-05,80.0
358,3.9998e-05,79.2
359,3.9999e-05,78.4
360,4e-05,77.6
361,4.0001e-05,75.2
362,4.0002e-05,74.4
363,4.0003e-05,72.0
364,4.0004e-05,70.4
365,4.0005e-05,67.2
366,4.0006e-05,64.0
367,4.0007e-05,60.8
368,4.0008e-05,57.6
369,4.0009e-05,54.4
370,4.001e-05,50.4
371,4.0011e-05,47.2
372,4.0012e-05,43.2
373,4.0013e-05,40.0
374,4.0014e-05,36.8
375,4.0015e-05,33.6
376,4.0016e-05,30.4
377,4.0017e-05,28.0
378,4.0018e-05,24.8
379,4.0019e-05,22.4
380,4.002e-05,20.0
381,4.0021e-05,18.4
382,4.0022e-05,16.8
383,4.0023e-05,15.2
384,4.0024e-05,13.6
385,4.0025e-05,12.8
386,4.0026e-05,12.0
387,4.0027e-05,11.2
388,4.0028e-05,10.4
389,4.0029e-05,9.6
390,4.003e-05,9.6
391,4.0031e-05,8.8
392,4.0032e-05,8.0
393,4.0033e-05,8.0
394,4.0034e-05,8.0
395,4.0035e-05,8.0
396,4.0036e-05,7.2
397,4.0037e-05,8.0
398,4.0038e-05,8.0
399,4.0039e-05,8.0
400,4.004e-05,7.2
401,4.0041e-05,8.0
402,4.0042e-05,8.0
403,4.0043e-05,8.8
404,4.0044e-05,8.8
405,4.0045e-05,9.6
406,4.0046e-05,9.6
407,4.0047e-05,10.4
408,4.0048e-05,10.4
409,4.0049e-05,12.0
410,4.005e-05,12.8
411,4.0051e-05,13.6
412,4.0052e-05,14.4
413,4.0053e-05,16.0
414,4.0054e-05,17.6
415,4.0055e-05,19.2
416,4.0056e-05,20.8
417,4.0057e-05,22.4
418,4.0058e-05,24.8
419,4.0059e-05,27.2
420,4.006e-05,29.6
421,4.0061e-05,32.0
422,4.0062e-05,34.4
423,4.0063e-05,37.6
424,4.0064e-05,40.0
425,4.0065e-05,43.2
426,4.0066e-05,45.6
427,4.0067e-05,48.8
428,4.0068e-05,51.2
429,4.0069e-05,53.6
430,4.007e-05,56.0
431,4.0071e-05,58.4
432,4.0072e-05,60.8
433,4.0073e-05,61.6
434,4.0074e-05,63.2
435,4.0075e-05,64.0
436,4.0076e-05,64.8
437,4.0077e-05,64.8
438,4.0078e-05,64.8
439,4.0079e-05,64.0
440,4.008e-05,64.0
441,4.0081e-05,62.4
442,4.0082e-05,60.8
443,4.0083e-05,58.4
444,4.0084e-05,56.8
445,4.0085e-05,54.4
446,4.0086e-05,52.0
447,4.0087e-05,49.6
448,4.0088e-05,47.2
449,4.0089e-05,44.0
450,4.009e-05,41.6
451,4.0091e-05,38.4
452,4.0092e-05,36.0
453,4.0093e-05,33.6
454,4.0094e-05,31.2
455,4.0095e-05,28.8
456,4.0096e-05,26.4
457,4.0097e-05,24.8
458,4.0098e-05,22.4
459,4.0099e-05,20.8
460,4.01e-05,19.2
461,4.0101e-05,17.6
462,4.0102e-05,16.8
463,4.0103e-05,16.0
464,4.0104e-05,14.4
465,4.0105e-05,13.6
466,4.0106e-05,12.8
467,4.0107e-05,12.8
468,4.0108e-05,12.0
469,4.0109e-05,11.2
470,4.011e-05,11.2
471,4.0111e-05,11.2
472,4.0112e-05,10.4
473,4.0113e-05,10.4
474,4.0114e-05,10.4
475,4.0115e-05,10.4
476,4.0116e-05,9.6
477,4.0117e-05,10.4
478,4.0118e-05,10.4
479,4.0119e-05,10.4
480,4.012e-05,10.4
481,4.0121e-05,11.2
482,4.0122e-05,11.2
483,4.0123e-05,12.0
484,4.0124e-05,12.8
485,4.0125e-05,13.6
486,4.0126e-05,13.6
487,4.0127e-05,15.2
488,4.0128e-05,16.0
489,4.0129e-05,16.8
490,4.013e-05,17.6
491,4.0131e-05,19.2
492,4.0132e-05,20.8
493,4.0133e-05,22.4
494,4.0134e-05,24.0
495,4.0135e-05,25.6
496,4.0135999999999997e-05,27.2
497,4.0137e-05,29.6
498,4.0138e-05,31.2
499,4.0139e-05,33.6
500,4.014e-05,36.0
501,4.0141e-05,37.6
502,4.0142e-05,40.0
503,4.0143e-05,42.4
504,4.0144e-05,44.8
505,4.0145e-05,47.2
506,4.0146e-05,48.8
507,4.0147e-05,50.4
508,4.0148e-05,52.8
509,4.0149e-05,53.6
510,4.015e-05,55.2
511,4.0151e-05,56.0
512,4.0152e-05,57.6
513,4.0153e-05,57.6
514,4.0154e-05,57.6
515,4.0155e-05,57.6
516,4.0156e-05,57.6
517,4.0157e-05,56.8
518,4.0158e-05,56.0
519,4.0159e-05,54.4
520,4.016e-05,53.6
521,4.0161e-05,52.0
522,4.0162e-05,50.4
523,4.0163e-05,48.8
524,4.0164e-05,46.4
525,4.0165e-05,44.0
526,4.0166e-05,42.4
527,4.0167e-05,40.0
528,4.0168e-05,38.4
529,4.0169e-05,36.0
530,4.017e-05,33.6
531,4.0171e-05,32.0
532,4.0172e-05,29.6
533,4.0173e-05,28.0
534,4.0174e-05,26.4
535,4.0175e-05,24.8
536,4.0176e-05,23.2
537,4.0177e-05,21.6
538,4.0178e-05,20.8
539,4.0179e-05,19.2
540,4.018e-05,17.6
541,4.0181e-05,17.6
542,4.0182e-05,16.8
543,4.0183e-05,16.0
544,4.0184e-05,15.2
545,4.0185e-05,14.4
546,4.0186e-05,14.4
547,4.0187e-05,13.6
548,4.0188e-05,12.8
549,4.0189e-05,12.8
550,4.019e-05,12.8
551,4.0191e-05,12.8
552,4.0192e-05,12.8
553,4.0193e-05,12.8
554,4.0194e-05,12.8
555,4.0195e-05,12.8
556,4.0196e-05,12.8
557,4.0197e-05,13.6
558,4.0198e-05,13.6
559,4.0199e-05,14.4
560,4.02e-05,14.4
561,4.0201e-05,15.2
562,4.0202e-05,16.0
563,4.0203e-05,16.8
564,4.0203999999999997e-05,17.6
565,4.0205e-05,18.4
566,4.0206e-05,19.2
567,4.0207e-05,20.8
568,4.0208e-05,21.6
569,4.0209e-05,23.2
570,4.021e-05,24.0
571,4.0211e-05,25.6
572,4.0212e-05,27.2
573,4.0213e-05,28.8
574,4.0214e-05,31.2
575,4.0215e-05,32.0
576,4.0216e-05,34.4
577,4.0217e-05,36.0
578,4.0218e-05,37.6
579,4.0219e-05,39.2
580,4.022e-05,41.6
581,4.0221e-05,43.2
582,4.0222e-05,44.8
583,4.0223e-05,45.6
584,4.0224e-05,48.0
585,4.0225e-05,48.8
586,4.0226e-05,49.6
587,4.0227e-05,50.4
588,4.0228e-05,51.2
589,4.0229e-05,52.0
590,4.023e-05,52.0
591,4.0231e-05,52.0
592,4.0232e-05,52.0
593,4.0233e-05,51.2
594,4.0234e-05,51.2
595,4.0235e-05,50.4
596,4.0236e-05,49.6
597,4.0237e-05,48.0
598,4.0238e-05,47.2
599,4.0239e-05,45.6
600,4.024e-05,44.8
601,4.0241e-05,42.4
602,4.0242e-05,40.8
603,4.0243e-05,39.2
604,4.0244e-05,37.6
605,4.0245e-05,36.0
606,4.0246e-05,34.4
607,4.0247e-05,32.8
608,4.0248e-05,31.2
609,4.0249e-05,29.6
610,4.025e-05,28.0
611,4.0251e-05,26.4
612,4.0252e-05,24.8
613,4.0253e-05,24.0
614,4.0254e-05,23.2
615,4.0255e-05,21.6
616,4.0256e-05,20.8
617,4.0257e-05,20.0
618,4.0258e-05,19.2
619,4.0259e-05,18.4
620,4.026e-05,17.6
621,4.0261e-05,17.6
622,4.0262e-05,16.8
623,4.0263e-05,16.0
624,4.0264e-05,16.0
625,4.0265e-05,16.0
626,4.0266e-05,15.2
627,4.0267e-05,15.2
628,4.0268e-05,15.2
629,4.0269e-05,15.2
630,4.027e-05,15.2
631,4.0271e-05,16.0
632,4.0271999999999997e-05,15.2
633,4.0273e-05,16.0
634,4.0274e-05,16.0
635,4.0275e-05,16.8
636,4.0276e-05,16.8
637,4.0277e-05,17.6
638,4.0278e-05,18.4
639,4.0279e-05,19.2
640,4.028e-05,19.2
641,4.0281e-05,20.8
642,4.0282e-05,21.6
643,4.0283e-05,22.4
644,4.0284e-05,23.2
645,4.0285e-05,24.0
646,4.0286e-05,25.6
647,4.0287e-05,26.4
648,4.0288e-05,28.0
649,4.0289e-05,29.6
650,4.029e-05,30.4
651,4.0291e-05,32.0
652,4.0292e-05,33.6
653,4.0293e-05,35.2
654,4.0294e-05,36.8
655,4.0295e-05,37.6
656,4.0296e-05,39.2
657,4.0297e-05,40.8
658,4.0298e-05,41.6
659,4.0299e-05,43.2
660,4.03e-05,44.0
661,4.0301e-05,44.8
662,4.0302e-05,45.6
663,4.0303e-05,46.4
664,4.0304e-05,47.2
665,4.0305e-05,47.2
666,4.0306000000000003e-05,48.0
667,4.0307e-05,47.2
668,4.0308e-05,48.0
669,4.0309e-05,47.2
670,4.031e-05,47.2
671,4.0311e-05,46.4
672,4.0312e-05,45.6
673,4.0313e-05,44.8
674,4.0314e-05,44.0
675,4.0315e-05,42.4
676,4.0316e-05,41.6
677,4.0317e-05,40.8
678,4.0318e-05,39.2
679,4.0319e-05,37.6
680,4.032e-05,36.8
681,4.0321e-05,35.2
682,4.0322e-05,33.6
683,4.0323e-05,32.8
684,4.0324e-05,31.2
685,4.0325e-05,29.6
686,4.0326e-05,28.8
687,4.0327e-05,27.2
688,4.0328e-05,26.4
689,4.0329e-05,24.8
690,4.033e-05,24.0
691,4.0331e-05,23.2
692,4.0332e-05,22.4
693,4.0333e-05,21.6
694,4.0334e-05,20.8
695,4.0335e-05,20.0
696,4.0336e-05,19.2
697,4.0337e-05,19.2
698,4.0338e-05,19.2
699,4.0339e-05,18.4
700,4.034e-05,18.4
701,4.0341e-05,18.4
702,4.0342e-05,17.6
703,4.0343e-05,17.6
704,4.0344e-05,17.6
705,4.0345e-05,17.6
706,4.0346e-05,17.6
707,4.0347e-05,17.6
708,4.0348e-05,17.6
709,4.0349e-05,18.4
710,4.035e-05,18.4
711,4.0351e-05,19.2
712,4.0352e-05,19.2
713,4.0353e-05,20.0
714,4.0354e-05,20.0
715,4.0355e-05,20.8
716,4.0356e-05,21.6
717,4.0357e-05,22.4
718,4.0358e-05,23.2
719,4.0359e-05,24.0
720,4.036e-05,24.8
721,4.0361e-05,25.6
722,4.0362e-05,27.2
723,4.0363e-05,28.0
724,4.0364e-05,28.8
725,4.0365e-05,30.4
726,4.0366e-05,31.2
727,4.0367e-05,32.0
728,4.0368e-05,33.6
729,4.0369e-05,34.4
730,4.037e-05,36.0
731,4.0371e-05,36.8
732,4.0372e-05,37.6
733,4.0373e-05,39.2
734,4.0374000000000003e-05,40.0
735,4.0375e-05,40.8
736,4.0376e-05,41.6
737,4.0377e-05,42.4
738,4.0378e-05,43.2
739,4.0379e-05,43.2
740,4.038e-05,44.0
741,4.0381e-05,44.0
742,4.0382e-05,44.0
743,4.0383e-05,44.0
744,4.0384e-05,44.0
745,4.0385e-05,44.0
746,4.0386e-05,43.2
747,4.0387e-05,43.2
748,4.0388e-05,42.4
749,4.0389e-05,41.6
750,4.039e-05,40.8
751,4.0391e-05,40.0
752,4.0392e-05,39.2
753,4.0393e-05,38.4
754,4.0394e-05,36.8
755,4.0395e-05,36.0
756,4.0396e-05,35.2
757,4.0397e-05,33.6
758,4.0398e-05,32.8
759,4.0399e-05,32.0
760,4.04e-05,30.4
761,4.0401e-05,29.6
762,4.0402e-05,28.8
763,4.0403e-05,28.0
764,4.0404e-05,26.4
765,4.0405e-05,25.6
766,4.0406e-05,24.8
767,4.0407e-05,24.0
768,4.0408e-05,23.2
769,4.0409e-05,23.2
770,4.041e-05,22.4
771,4.0411e-05,21.6
772,4.0412e-05,21.6
773,4.0413e-05,20.8
774,4.0414e-05,20.8
775,4.0415e-05,20.0
776,4.0416e-05,20.0
777,4.0417e-05,20.0
778,4.0418e-05,20.0
779,4.0419e-05,20.0
780,4.042e-05,19.2
781,4.0421e-05,20.0
782,4.0422e-05,20.0
783,4.0423e-05,20.0
784,4.0424e-05,20.0
785,4.0425e-05,20.0
786,4.0426e-05,20.8
787,4.0427e-05,20.8
788,4.0428e-05,20.8
789,4.0429e-05,21.6
790,4.043e-05,22.4
791,4.0431e-05,23.2
792,4.0432e-05,23.2
793,4.0433e-05,24.0
794,4.0434e-05,24.8
795,4.0435e-05,25.6
796,4.0436e-05,26.4
797,4.0437e-05,27.2
798,4.0438e-05,28.0
799,4.0439e-05,28.8
800,4.044e-05,29.6
801,4.0441e-05,30.4
802,4.0442e-05,32.0
803,4.0443e-05,32.8
804,4.0444e-05,33.6
805,4.0445e-05,34.4
806,4.0446e-05,35.2
807,4.0447e-05,36.0
808,4.0448e-05,36.8
809,4.0449e-05,37.6
810,4.045e-05,38.4
811,4.0451e-05,39.2
812,4.0452e-05,40.0
813,4.0453e-05,40.0
814,4.0454e-05,40.8
815,4.0455e-05,40.8
816,4.0456e-05,41.6
817,4.0457e-05,40.8
818,4.0458e-05,41.6
819,4.0459e-05,40.8
820,4.046e-05,40.8
821,4.0461e-05,40.8
822,4.0462e-05,40.8
823,4.0463e-05,40.0
824,4.0464e-05,40.0
825,4.0465e-05,39.2
826,4.0466e-05,38.4
827,4.0467e-05,37.6
828,4.0468e-05,36.8
829,4.0469e-05,36.0
830,4.047e-05,35.2
831,4.0471e-05,34.4
832,4.0472e-05,33.6
833,4.0473e-05,32.8
834,4.0474e-05,32.0
835,4.0475e-05,31.2
836,4.0476e-05,30.4
837,4.0477e-05,29.6
838,4.0478e-05,28.8
839,4.0479e-05,28.0
840,4.048e-05,27.2
841,4.0481e-05,26.4
842,4.0482e-05,25.6
843,4.0483e-05,24.8
844,4.0484e-05,24.0
845,4.0485e-05,24.0
846,4.0486e-05,23.2
847,4.0487e-05,23.2
848,4.0488e-05,22.4
849,4.0489e-05,22.4
850,4.049e-05,21.6
851,4.0491e-05,21.6
852,4.0492e-05,21.6
853,4.0493e-05,21.6
854,4.0494e-05,21.6
855,4.0495e-05,21.6
856,4.0496e-05,20.8
857,4.0497e-05,21.6
858,4.0498e-05,21.6
859,4.0499e-05,21.6
860,4.05e-05,21.6
861,4.0501e-05,22.4
862,4.0502e-05,22.4
863,4.0503e-05,22.4
864,4.0504e-05,23.2
865,4.0505e-05,23.2
866,4.0506e-05,24.0
867,4.0507e-05,24.8
868,4.0508e-05,24.8
869,4.0509e-05,25.6
870,4.051e-05,26.4
871,4.0511e-05,27.2
872,4.0512e-05,27.2
873,4.0513e-05,28.0
874,4.0514e-05,28.8
875,4.0515e-05,29.6
876,4.0516e-05,30.4
877,4.0517e-05,31.2
878,4.0518e-05,32.0
879,4.0519e-05,32.8
880,4.052e-05,33.6
881,4.0521e-05,34.4
882,4.0522e-05,35.2
883,4.0523e-05,35.2
884,4.0524e-05,36.0
885,4.0525e-05,36.8
886,4.0526e-05,36.8
887,4.0527e-05,37.6
888,4.0528e-05,38.4
889,4.0529e-05,38.4
890,4.053e-05,38.4
891,4.0531e-05,38.4
892,4.0532e-05,39.2
893,4.0533e-05,39.2
894,4.0534e-05,39.2
895,4.0535e-05,39.2
896,4.0536e-05,38.4
897,4.0537e-05,38.4
898,4.0538e-05,38.4
899,4.0539e-05,37.6
900,4.054e-05,37.6
901,4.0541e-05,36.8
902,4.0542e-05,36.8
903,4.0543e-05,36.0
904,4.0544e-05,35.2
905,4.0545e-05,34.4
906,4.0546e-05,33.6
907,4.0547e-05,32.8
908,4.0548e-05,32.8
909,4.0549e-05,32.0
910,4.055e-05,31.2
911,4.0551e-05,30.4
912,4.0552e-05,29.6
913,4.0553e-05,28.8
914,4.0554e-05,28.8
915,4.0555e-05,28.0
916,4.0556e-05,27.2
917,4.0557e-05,26.4
918,4.0558e-05,26.4
919,4.0559e-05,25.6
920,4.056e-05,24.8
921,4.0561e-05,24.8
922,4.0562e-05,24.0
923,4.0563e-05,24.0
924,4.0564e-05,23.2
925,4.0565e-05,23.2
926,4.0566e-05,23.2
927,4.0567e-05,23.2
928,4.0568e-05,22.4
929,4.0569e-05,23.2
930,4.057e-05,22.4
931,4.0571e-05,22.4
932,4.0572e-05,22.4
933,4.0573e-05,23.2
934,4.0574e-05,23.2
935,4.0575e-05,23.2
936,4.0576e-05,23.2
937,4.0577e-05,23.2
938,4.0578e-05,24.0
939,4.0579e-05,24.0
940,4.058e-05,24.8
941,4.0581e-05,24.8
942,4.0582e-05,25.6
943,4.0583e-05,25.6
944,4.0584e-05,26.4
945,4.0585e-05,26.4
946,4.0586e-05,27.2
947,4.0587e-05,28.0
948,4.0588e-05,28.0
949,4.0589e-05,28.8
950,4.059e-05,29.6
951,4.0591e-05,30.4
952,4.0592e-05,31.2
953,4.0593e-05,31.2
954,4.0594e-05,32.0
955,4.0595e-05,32.8
956,4.0596e-05,33.6
957,4.0597e-05,33.6
958,4.0598e-05,34.4
959,4.0599e-05,35.2
960,4.06e-05,35.2
961,4.0601e-05,36.0
962,4.0602e-05,36.0
963,4.0603e-05,36.0
964,4.0604e-05,36.8
965,4.0605e-05,36.8
966,4.0606e-05,36.8
967,4.0607e-05,36.8
968,4.0608e-05,37.6
969,4.0609e-05,37.6
970,4.061e-05,36.8
971,4.0611e-05,36.8
972,4.0612e-05,36.8
973,4.0613e-05,36.8
974,4.0614e-05,36.8
975,4.0615e-05,36.0
976,4.0616e-05,36.0
977,4.0617e-05,35.2
978,4.0618e-05,35.2
979,4.0619e-05,34.4
980,4.062e-05,33.6
981,4.0621e-05,33.6
982,4.0622e-05,32.8
983,4.0623e-05,32.0
984,4.0624e-05,32.0
985,4.0625e-05,31.2
986,4.0626e-05,30.4
987,4.0627e-05,29.6
988,4.0628e-05,29.6
989,4.0629e-05,28.8
990,4.063e-05,28.8
991,4.0631e-05,28.0
992,4.0632e-05,27.2
993,4.0633e-05,27.2
994,4.0634e-05,26.4
995,4.0635e-05,26.4
996,4.0636e-05,25.6
997,4.0637e-05,25.6
998,4.0638e-05,24.8
999,4.0639e-05,24.8
1000,4.064e-05,24.8
1001,4.0641e-05,24.8
1002,4.0642e-05,24.0
1003,4.0643e-05,24.0
1004,4.0644e-05,24.0
1005,4.0645e-05,24.0
1006,4.0646e-05,24.0
1007,4.0647e-05,24.0
1008,4.0648e-05,24.0
1009,4.0648999999999997e-05,24.0
1010,4.065e-05,24.0
1011,4.0651e-05,24.8
1012,4.0652e-05,24.8
1013,4.0653e-05,24.8
1014,4.0654e-05,25.6
1015,4.0655e-05,25.6
1016,4.0656e-05,25.6
1017,4.0657e-05,26.4
1018,4.0658e-05,26.4
1019,4.0659e-05,27.2
1020,4.066e-05,27.2
1021,4.0661e-05,28.0
1022,4.0662e-05,28.0
1023,4.0663e-05,28.8
1024,4.0664e-05,28.8
1025,4.0665e-05,29.6
1026,4.0666e-05,30.4
1027,4.0667e-05,30.4
1028,4.0668e-05,31.2
1029,4.0669e-05,32.0
1030,4.067e-05,32.0
1031,4.0671e-05,32.8
1032,4.0672e-05,32.8
1033,4.0673e-05,33.6
1034,4.0674e-05,33.6
1035,4.0675e-05,34.4
1036,4.0676e-05,34.4
1037,4.0677e-05,35.2
1038,4.0678e-05,35.2
1039,4.0679e-05,35.2
1040,4.068e-05,35.2
1041,4.0681e-05,36.0
1042,4.0682e-05,36.0
1043,4.0683e-05,36.0
1044,4.0684e-05,36.0
1045,4.0685e-05,36.0
1046,4.0686e-05,36.0
1047,4.0687e-05,36.0
1048,4.0688e-05,35.2
1049,4.0689e-05,35.2
1050,4.069e-05,35.2
1051,4.0691e-05,34.4
1052,4.0692e-05,34.4
1053,4.0693e-05,33.6
1054,4.0694e-05,33.6
1055,4.0695e-05,32.8
1056,4.0696e-05,32.8
1057,4.0697e-05,32.0
1058,4.0698e-05,32.0
1059,4.0699e-05,31.2
1060,4.07e-05,31.2
1061,4.0701e-05,30.4
1062,4.0702e-05,30.4
1063,4.0703e-05,29.6
1064,4.0704e-05,28.8
1065,4.0705e-05,28.8
1066,4.0706e-05,28.0
1067,4.0707e-05,28.0
1068,4.0708e-05,27.2
1069,4.0709e-05,27.2
1070,4.071e-05,27.2
1071,4.0711e-05,26.4
1072,4.0712e-05,26.4
1073,4.0713e-05,25.6
1074,4.0714e-05,25.6
1075,4.0715e-05,25.6
1076,4.0716e-05,25.6
1077,4.0716999999999997e-05,25.6
1078,4.0718e-05,24.8
1079,4.0719e-05,24.8
1080,4.072e-05,24.8
1081,4.0721e-05,24.8
1082,4.0722e-05,24.8
1083,4.0723e-05,24.8
1084,4.0724e-05,24.8
1085,4.0725e-05,25.6
1086,4.0726e-05,25.6
1087,4.0727e-05,25.6
1088,4.0728e-05,25.6
1089,4.0729e-05,25.6
1090,4.073e-05,26.4
1091,4.0731e-05,26.4
1092,4.0732e-05,26.4
1093,4.0733e-05,27.2
1094,4.0734e-05,27.2
1095,4.0735e-05,28.0
1096,4.0736e-05,28.0
1097,4.0737e-05,28.8
1098,4.0738e-05,28.8
1099,4.0739e-05,29.6
1100,4.074e-05,29.6
1101,4.0741e-05,29.6
1102,4.0742e-05,30.4
1103,4.0743e-05,30.4
1104,4.0744e-05,31.2
1105,4.0745e-05,31.2
1106,4.0746e-05,32.0
1107,4.0747e-05,32.0
1108,4.0748e-05,32.8
1109,4.0749e-05,32.8
1110,4.075e-05,33.6
1111,4.0751e-05,33.6
1112,4.0752e-05,34.4
1113,4.0753e-05,34.4
1114,4.0754e-05,34.4
1115,4.0755e-05,34.4
1116,4.0756e-05,34.4
1117,4.0757e-05,34.4
1118,4.0758e-05,34.4
1119,4.0759e-05,34.4
1120,4.076e-05,34.4
1121,4.0761e-05,34.4
1122,4.0762e-05,34.4
1123,4.0763e-05,34.4
1124,4.0764e-05,34.4
1125,4.0765e-05,33.6
1126,4.0766e-05,33.6
1127,4.0767e-05,33.6
1128,4.0768e-05,33.6
1129,4.0769e-05,32.8
1130,4.077e-05,32.8
1131,4.0771e-05,32.0
1132,4.0772e-05,32.0
1133,4.0773e-05,32.0
1134,4.0774e-05,31.2
1135,4.0775e-05,31.2
1136,4.0776e-05,30.4
1137,4.0777e-05,30.4
1138,4.0778e-05,29.6
1139,4.0779e-05,29.6
1140,4.078e-05,28.8
1141,4.0781e-05,28.8
1142,4.0782e-05,28.0
1143,4.0783e-05,28.0
1144,4.0784e-05,28.0
1145,4.0784999999999997e-05,27.2
1146,4.0786e-05,27.2
1147,4.0787e-05,27.2
1148,4.0788e-05,26.4
1149,4.0789e-05,26.4
1150,4.079e-05,26.4
1151,4.0791e-05,26.4
1152,4.0792e-05,25.6
1153,4.0793e-05,25.6
1154,4.0794e-05,25.6
1155,4.0795e-05,25.6
1156,4.0796e-05,25.6
1157,4.0797e-05,25.6
1158,4.0798e-05,25.6
1159,4.0799e-05,25.6
1160,4.08e-05,25.6
1161,4.0801e-05,26.4
1162,4.0802e-05,26.4
1163,4.0803e-05,26.4
1164,4.0804e-05,26.4
1165,4.0805e-05,27.2
1166,4.0806e-05,27.2
1167,4.0807e-05,27.2
1168,4.0808e-05,27.2
1169,4.0809e-05,28.0
1170,4.081e-05,28.0
1171,4.0811e-05,28.0
1172,4.0812e-05,28.8
1173,4.0813e-05,28.8
1174,4.0814e-05,29.6
1175,4.0815e-05,29.6
1176,4.0816e-05,29.6
1177,4.0817e-05,30.4
1178,4.0818e-05,30.4
1179,4.0819000000000003e-05,31.2
1180,4.082e-05,31.2
1181,4.0821e-05,32.0
1182,4.0822e-05,32.0
1183,4.0823e-05,32.0
1184,4.0824e-05,32.8
1185,4.0825e-05,32.8
1186,4.0826e-05,32.8
1187,4.0827e-05,32.8
1188,4.0828e-05,33.6
1189,4.0829e-05,33.6
1190,4.083e-05,33.6
1191,4.0831e-05,33.6
1192,4.0832e-05,33.6
1193,4.0833e-05,33.6
1194,4.0834e-05,33.6
1195,4.0835e-05,33.6
1196,4.0836e-05,33.6
1197,4.0837e-05,33.6
1198,4.0838e-05,33.6
1199,4.0839e-05,33.6
1200,4.084e-05,33.6
1201,4.0841e-05,32.8
1202,4.0842e-05,32.8
1203,4.0843e-05,32.8
1204,4.0844e-05,32.0
1205,4.0845e-05,32.0
1206,4.0846e-05,32.0
1207,4.0847e-05,32.0
1208,4.0848e-05,31.2
1209,4.0849e-05,31.2
1210,4.085e-05,30.4
1211,4.0851e-05,30.4
1212,4.0852e-05,29.6
1213,4.0853e-05,29.6
1214,4.0854e-05,29.6
1215,4.0855e-05,28.8
1216,4.0856e-05,28.8
1217,4.0857e-05,28.8
1218,4.0858e-05,28.0
1219,4.0859e-05,28.0
1220,4.086e-05,28.0
1221,4.0861e-05,28.0
1222,4.0862e-05,27.2
1223,4.0863e-05,27.2
1224,4.0864e-05,27.2
1225,4.0865e-05,27.2
1226,4.0866e-05,27.2
1227,4.0867e-05,27.2
1228,4.0868e-05,26.4
1229,4.0869e-05,26.4
1230,4.087e-05,26.4
1231,4.0871e-05,26.4
1232,4.0872e-05,26.4
1233,4.0873e-05,26.4
1234,4.0874e-05,26.4
1235,4.0875e-05,26.4
1236,4.0876e-05,27.2
1237,4.0877e-05,27.2
1238,4.0878e-05,27.2
1239,4.0879e-05,27.2
1240,4.088e-05,27.2
1241,4.0881e-05,27.2
1242,4.0882e-05,28.0
1243,4.0883e-05,28.0
1244,4.0884e-05,28.0
1245,4.0885e-05,28.8
1246,4.0886e-05,28.8
1247,4.0887000000000003e-05,28.8
1248,4.0888e-05,28.8
1249,4.0889e-05,29.6
1250,4.089e-05,29.6
1251,4.0891e-05,29.6
1252,4.0892e-05,30.4
1253,4.0893e-05,30.4
1254,4.0894e-05,31.2
1255,4.0895e-05,31.2
1256,4.0896e-05,31.2
1257,4.0897e-05,31.2
1258,4.0898e-05,32.0
1259,4.0899e-05,32.0
1260,4.09e-05,32.0
1261,4.0901e-05,32.0
1262,4.0902e-05,32.8
1263,4.0903e-05,32.8
1264,4.0904e-05,32.8
1265,4.0905e-05,32.8
1266,4.0906e-05,32.8
1267,4.0907e-05,32.8
1268,4.0908e-05,32.8
1269,4.0909e-05,32.8
1270,4.091e-05,32.8
1271,4.0911e-05,32.8
1272,4.0912e-05,32.8
1273,4.0913e-05,32.8
1274,4.0914e-05,32.8
1275,4.0915e-05,32.8
1276,4.0916e-05,32.8
1277,4.0917e-05,32.0
1278,4.0918e-05,32.0
1279,4.0919e-05,32.0
1280,4.092e-05,32.0
1281,4.0921e-05,31.2
1282,4.0922e-05,31.2
1283,4.0923e-05,31.2
1284,4.0924e-05,30.4
1285,4.0925e-05,30.4
1286,4.0926e-05,30.4
1287,4.0927e-05,30.4
1288,4.0928e-05,29.6
1289,4.0929e-05,29.6
1290,4.093e-05,29.6
1291,4.0931e-05,28.8
1292,4.0932e-05,28.8
1293,4.0933e-05,28.8
1294,4.0934e-05,28.8
1295,4.0935e-05,28.0
1296,4.0936e-05,28.0
1297,4.0937e-05,28.0
1298,4.0938e-05,28.0
1299,4.0939e-05,28.0
1300,4.094e-05,27.2
1301,4.0941e-05,27.2
1302,4.0942e-05,27.2
1303,4.0943e-05,27.2
1304,4.0944e-05,27.2
1305,4.0945e-05,27.2
1306,4.0946e-05,27.2
1307,4.0947e-05,27.2
1308,4.0948e-05,27.2
1309,4.0949e-05,27.2
1310,4.095e-05,27.2
1311,4.0951e-05,27.2
1312,4.0952e-05,27.2
1313,4.0953e-05,27.2
1314,4.0954e-05,28.0
1315,4.0955000000000003e-05,28.0
1316,4.0956e-05,28.0
1317,4.0957e-05,28.0
1318,4.0958e-05,28.0
1319,4.0959e-05,28.8
1320,4.096e-05,28.8
1321,4.0961e-05,28.8
1322,4.0962e-05,28.8
1323,4.0963e-05,29.6
1324,4.0964e-05,29.6
1325,4.0965e-05,29.6
1326,4.0966e-05,29.6
1327,4.0967e-05,30.4
1328,4.0968e-05,30.4
1329,4.0969e-05,30.4
1330,4.097e-05,30.4
1331,4.0971e-05,31.2
1332,4.0972e-05,31.2
1333,4.0973e-05,31.2
1334,4.0974e-05,32.0
1335,4.0975e-05,32.0
1336,4.0976e-05,32.0
1337,4.0977e-05,32.0
1338,4.0978e-05,32.0
1339,4.0979e-05,32.0
1340,4.098e-05,32.0
1341,4.0981e-05,32.0
1342,4.0982e-05,32.8
1343,4.0983e-05,32.8
1344,4.0984e-05,32.0
1345,4.0985e-05,32.0
1346,4.0986e-05,32.0
1347,4.0987e-05,32.0
1348,4.0988e-05,32.0
1349,4.0989e-05,32.0
1350,4.099e-05,32.0
1351,4.0991e-05,32.0
1352,4.0992e-05,32.0
1353,4.0993e-05,32.0
1354,4.0994e-05,32.0
1355,4.0995e-05,31.2
1356,4.0996e-05,31.2
1357,4.0997e-05,31.2
1358,4.0998e-05,31.2
1359,4.0999e-05,30.4
1360,4.1e-05,30.4
1361,4.1001e-05,30.4
1362,4.1002e-05,29.6
1363,4.1003e-05,29.6
1364,4.1004e-05,29.6
1365,4.1005e-05,29.6
1366,4.1006e-05,29.6
1367,4.1007e-05,28.8
1368,4.1008e-05,28.8
1369,4.1009e-05,28.8
1370,4.101e-05,28.8
1371,4.1011e-05,28.8
1372,4.1012e-05,28.0
1373,4.1013e-05,28.0
1374,4.1014e-05,28.0
1375,4.1015e-05,28.0
1376,4.1016e-05,28.0
1377,4.1017e-05,28.0
1378,4.1018e-05,28.0
1379,4.1019e-05,28.0
1380,4.102e-05,28.0
1381,4.1021e-05,28.0
1382,4.1022e-05,28.0
1383,4.1023000000000003e-05,28.0
1384,4.1024e-05,28.0
1385,4.1025e-05,28.0
1386,4.1026e-05,28.0
1387,4.1027e-05,28.0
1388,4.1028e-05,28.0
1389,4.1029e-05,28.0
1390,4.103e-05,28.0
1391,4.1031e-05,28.0
1392,4.1032e-05,28.8
1393,4.1033e-05,28.8
1394,4.1034e-05,28.8
1395,4.1035e-05,28.8
1396,4.1036e-05,28.8
1397,4.1037e-05,29.6
1398,4.1038e-05,29.6
1399,4.1039e-05,29.6
1400,4.104e-05,29.6
1401,4.1041e-05,29.6
1402,4.1042e-05,30.4
1403,4.1043e-05,30.4
1404,4.1044e-05,30.4
1405,4.1045e-05,30.4
1406,4.1046e-05,31.2
1407,4.1047e-05,31.2
1408,4.1048e-05,31.2
1409,4.1049e-05,31.2
1410,4.105e-05,31.2
1411,4.1051e-05,31.2
1412,4.1052e-05,32.0
1413,4.1053e-05,32.0
1414,4.1054e-05,32.0
1415,4.1055e-05,32.0
1416,4.1056e-05,32.0
1417,4.1057e-05,32.0
1418,4.1058e-05,32.0
1419,4.1059e-05,32.0
1420,4.106e-05,32.0
1421,4.1061e-05,32.0
1422,4.1062e-05,32.0
1423,4.1063e-05,32.0
1424,4.1064e-05,32.0
1425,4.1065e-05,32.0
1426,4.1066e-05,32.0
1427,4.1067e-05,31.2
1428,4.1068e-05,31.2
1429,4.1069e-05,31.2
1430,4.107e-05,31.2
1431,4.1071e-05,31.2
1432,4.1072e-05,31.2
1433,4.1073e-05,30.4
1434,4.1074e-05,30.4
1435,4.1075e-05,30.4
1436,4.1076e-05,30.4
1437,4.1077e-05,30.4
1438,4.1078e-05,29.6
1439,4.1079e-05,29.6
1440,4.108e-05,29.6
1441,4.1081e-05,29.6
1442,4.1082e-05,28.8
1443,4.1083e-05,28.8
1444,4.1084e-05,28.8
1445,4.1085e-05,28.8
1446,4.1086e-05,28.8
1447,4.1087e-05,28.8
1448,4.1088e-05,28.8
1449,4.1089e-05,28.8
1450,4.109e-05,28.0
1451,4.1091000000000003e-05,28.0
1452,4.1092e-05,28.0
1453,4.1093e-05,28.0
1454,4.1094e-05,28.0
1455,4.1095e-05,28.0
1456,4.1096e-05,28.0
1457,4.1097e-05,28.0
1458,4.1098e-05,28.0
1459,4.1099e-05,28.0
1460,4.11e-05,28.0
1461,4.1101e-05,28.0
1462,4.1102e-05,28.0
1463,4.1103e-05,28.8
1464,4.1104e-05,28.0
1465,4.1105e-05,28.8
1466,4.1106e-05,28.8
1467,4.1107e-05,28.8
1468,4.1108e-05,28.8
1469,4.1109e-05,28.8
1470,4.111e-05,28.8
1471,4.1111e-05,28.8
1472,4.1112e-05,29.6
1473,4.1113e-05,29.6
1474,4.1114e-05,29.6
1475,4.1115e-05,29.6
1476,4.1116e-05,29.6
1477,4.1117e-05,30.4
1478,4.1118e-05,30.4
1479,4.1119e-05,30.4
1480,4.112e-05,30.4
1481,4.1121e-05,30.4
1482,4.1122e-05,30.4
1483,4.1123e-05,31.2
1484,4.1124e-05,31.2
1485,4.1125e-05,31.2
1486,4.1126e-05,31.2
1487,4.1127e-05,31.2
1488,4.1128e-05,31.2
1489,4.1129e-05,31.2
1490,4.113e-05,31.2
1491,4.1131e-05,31.2
1492,4.1132e-05,31.2
1493,4.1133e-05,32.0
1494,4.1134e-05,32.0
1495,4.1135e-05,32.0
1496,4.1136e-05,32.0
1497,4.1137e-05,31.2
1498,4.1138e-05,31.2
1499,4.1139e-05,31.2
1500,4.114e-05,31.2
1501,4.1141e-05,31.2
1502,4.1142e-05,31.2
1503,4.1143e-05,31.2
1504,4.1144e-05,31.2
1505,4.1145e-05,31.2
1506,4.1146e-05,31.2
1507,4.1147e-05,30.4
1508,4.1148e-05,30.4
1509,4.1149e-05,30.4
1510,4.115e-05,30.4
1511,4.1151e-05,30.4
1512,4.1152e-05,30.4
1513,4.1153e-05,29.6
1514,4.1154e-05,29.6
1515,4.1155e-05,29.6
1516,4.1156e-05,29.6
1517,4.1157e-05,29.6
1518,4.1158e-05,29.6
1519,4.1159000000000004e-05,28.8
1520,4.116e-05,28.8
1521,4.1161e-05,28.8
1522,4.1161999999999997e-05,28.8
1523,4.1163e-05,28.8
1524,4.1164e-05,28.8
1525,4.1165e-05,28.8
1526,4.1166e-05,28.8
1527,4.1167e-05,28.8
1528,4.1168e-05,28.8
1529,4.1169e-05,28.8
1530,4.117e-05,28.8
1531,4.1171e-05,28.8
1532,4.1172e-05,28.0
1533,4.1173e-05,28.8
1534,4.1174e-05,28.8
1535,4.1175e-05,28.8
1536,4.1176e-05,28.8
1537,4.1177e-05,28.8
1538,4.1178e-05,28.8
1539,4.1179e-05,28.8
1540,4.118e-05,28.8
1541,4.1181e-05,28.8
1542,4.1182e-05,28.8
1543,4.1183e-05,28.8
1544,4.1184e-05,28.8
1545,4.1185e-05,29.6
1546,4.1186e-05,29.6
1547,4.1187e-05,29.6
1548,4.1188e-05,29.6
1549,4.1189e-05,29.6
1550,4.119e-05,29.6
1551,4.1191e-05,29.6
1552,4.1192e-05,30.4
1553,4.1193e-05,30.4
1554,4.1194e-05,30.4
1555,4.1195e-05,30.4
1556,4.1196e-05,30.4
1557,4.1197e-05,30.4
1558,4.1198e-05,30.4
1559,4.1199e-05,30.4
1560,4.12e-05,31.2
1561,4.1201e-05,31.2
1562,4.1202e-05,31.2
1563,4.1203e-05,31.2
1564,4.1204e-05,31.2
1565,4.1205e-05,31.2
1566,4.1206e-05,31.2
1567,4.1207e-05,31.2
1568,4.1208e-05,31.2
1569,4.1209e-05,31.2
1570,4.121e-05,31.2
1571,4.1211e-05,31.2
1572,4.1212e-05,31.2
1573,4.1213e-05,31.2
1574,4.1214e-05,31.2
1575,4.1215e-05,31.2
1576,4.1216e-05,31.2
1577,4.1217e-05,31.2
1578,4.1218e-05,31.2
1579,4.1219e-05,30.4
1580,4.122e-05,30.4
1581,4.1221e-05,30.4
1582,4.1222e-05,30.4
1583,4.1223e-05,30.4
1584,4.1224e-05,30.4
1585,4.1225e-05,30.4
1586,4.1226e-05,30.4
1587,4.1227e-05,29.6
1588,4.1228e-05,29.6
1589,4.1229e-05,29.6
1590,4.1229999999999997e-05,29.6
1591,4.1231e-05,29.6
1592,4.1232e-05,29.6
1593,4.1233e-05,29.6
1594,4.1234e-05,29.6
1595,4.1235e-05,28.8
1596,4.1236e-05,28.8
1597,4.1237e-05,28.8
1598,4.1238e-05,28.8
1599,4.1239e-05,28.8
1600,4.124e-05,28.8
1601,4.1241e-05,28.8
1602,4.1242e-05,28.8
1603,4.1243e-05,28.8
1604,4.1244e-05,28.8
1605,4.1245e-05,28.8
1606,4.1246e-05,28.8
1607,4.1247e-05,28.8
1608,4.1248e-05,28.8
1609,4.1249e-05,28.8
1610,4.125e-05,28.8
1611,4.1251e-05,28.8
1612,4.1252e-05,28.8
1613,4.1253e-05,28.8
1614,4.1254e-05,28.8
1615,4.1255e-05,28.8
1616,4.1256e-05,28.8
1617,4.1257e-05,28.8
1618,4.1258e-05,28.8
1619,4.1259e-05,29.6
1620,4.126e-05,29.6
1621,4.1261e-05,29.6
1622,4.1262e-05,29.6
1623,4.1263e-05,29.6
1624,4.1264e-05,29.6
1625,4.1265e-05,29.6
1626,4.1266e-05,29.6
1627,4.1267e-05,29.6
1628,4.1268e-05,30.4
1629,4.1269e-05,30.4
1630,4.127e-05,30.4
1631,4.1271e-05,30.4
1632,4.1272e-05,30.4
1633,4.1273e-05,30.4
1634,4.1274e-05,30.4
1635,4.1275e-05,30.4
1636,4.1276e-05,30.4
1637,4.1277e-05,31.2
1638,4.1278e-05,31.2
1639,4.1279e-05,31.2
1640,4.128e-05,31.2
1641,4.1281e-05,31.2
1642,4.1282e-05,31.2
1643,4.1283e-05,31.2
1644,4.1284e-05,31.2
1645,4.1285e-05,31.2
1646,4.1286e-05,31.2
1647,4.1287e-05,31.2
1648,4.1288e-05,31.2
1649,4.1289e-05,31.2
1650,4.129e-05,31.2
1651,4.1291e-05,31.2
1652,4.1292e-05,30.4
1653,4.1293e-05,31.2
1654,4.1294e-05,30.4
1655,4.1295e-05,30.4
1656,4.1296e-05,30.4
1657,4.1297e-05,30.4
1658,4.1297999999999997e-05,30.4
1659,4.1299e-05,30.4
1660,4.13e-05,30.4
1661,4.1301e-05,30.4
1662,4.1302e-05,30.4
1663,4.1303e-05,29.6
1664,4.1304e-05,29.6
1665,4.1305e-05,29.6
1666,4.1306e-05,29.6
1667,4.1307e-05,29.6
1668,4.1308e-05,29.6
1669,4.1309e-05,29.6
1670,4.131e-05,29.6
1671,4.1311e-05,29.6
1672,4.1312e-05,29.6
1673,4.1313e-05,29.6
1674,4.1314e-05,28.8
1675,4.1315e-05,28.8
1676,4.1316e-05,28.8
1677,4.1317e-05,28.8
1678,4.1318e-05,28.8
1679,4.1319e-05,28.8
1680,4.132e-05,28.8
1681,4.1321e-05,28.8
1682,4.1322e-05,28.8
1683,4.1323e-05,28.8
1684,4.1324e-05,28.8
1685,4.1325e-05,28.8
1686,4.1326e-05,28.8
1687,4.1327e-05,28.8
1688,4.1328e-05,28.8
1689,4.1329e-05,28.8
1690,4.133e-05,28.8
1691,4.1331e-05,29.6
1692,4.1332000000000003e-05,29.6
1693,4.1333e-05,29.6
1694,4.1334e-05,29.6
1695,4.1335e-05,29.6
1696,4.1336e-05,29.6
1697,4.1337e-05,29.6
1698,4.1338e-05,29.6
1699,4.1339e-05,29.6
1700,4.134e-05,29.6
1701,4.1341e-05,29.6
1702,4.1342e-05,29.6
1703,4.1343e-05,30.4
1704,4.1344e-05,30.4
1705,4.1345e-05,30.4
1706,4.1346e-05,30.4
1707,4.1347e-05,30.4
1708,4.1348e-05,30.4
1709,4.1349e-05,30.4
1710,4.135e-05,30.4
1711,4.1351e-05,30.4
1712,4.1352e-05,30.4
1713,4.1353e-05,30.4
1714,4.1354e-05,30.4
1715,4.1355e-05,30.4
1716,4.1356e-05,30.4
1717,4.1357e-05,31.2
1718,4.1358e-05,31.2
1719,4.1359e-05,30.4
1720,4.136e-05,31.2
1721,4.1361e-05,31.2
1722,4.1362e-05,31.2
1723,4.1363e-05,31.2
1724,4.1364e-05,30.4
1725,4.1365e-05,30.4
1726,4.1366e-05,31.2
1727,4.1367e-05,30.4
1728,4.1368e-05,30.4
1729,4.1369e-05,30.4
1730,4.137e-05,30.4
1731,4.1371e-05,30.4
1732,4.1372e-05,30.4
1733,4.1373e-05,30.4
1734,4.1374e-05,30.4
1735,4.1375e-05,30.4
1736,4.1376e-05,30.4
1737,4.1377e-05,30.4
1738,4.1378e-05,29.6
1739,4.1379e-05,29.6
1740,4.138e-05,29.6
1741,4.1381e-05,29.6
1742,4.1382e-05,29.6
1743,4.1383e-05,29.6
1744,4.1384e-05,29.6
1745,4.1385e-05,29.6
1746,4.1386e-05,29.6
1747,4.1387e-05,29.6
1748,4.1388e-05,29.6
1749,4.1389e-05,29.6
1750,4.139e-05,28.8
1751,4.1391e-05,28.8
1752,4.1392e-05,28.8
1753,4.1393e-05,28.8
1754,4.1394e-05,28.8
1755,4.1395e-05,28.8
1756,4.1396e-05,28.8
1757,4.1397e-05,28.8
1758,4.1398e-05,28.8
1759,4.1399e-05,28.8
1760,4.1400000000000003e-05,28.8
1761,4.1401e-05,28.8
1762,4.1402e-05,28.8
1763,4.1403e-05,29.6
1764,4.1404e-05,28.8
1765,4.1405e-05,29.6
1766,4.1406e-05,29.6
1767,4.1407e-05,29.6
1768,4.1408e-05,29.6
1769,4.1409e-05,29.6
1770,4.141e-05,29.6
1771,4.1411e-05,29.6
1772,4.1412e-05,29.6
1773,4.1413e-05,29.6
1774,4.1414e-05,29.6
1775,4.1415e-05,29.6
1776,4.1416e-05,29.6
1777,4.1417e-05,30.4
1778,4.1418e-05,30.4
1779,4.1419e-05,30.4
1780,4.142e-05,30.4
1781,4.1421e-05,30.4
1782,4.1422e-05,30.4
1783,4.1423e-05,30.4
1784,4.1424e-05,30.4
1785,4.1425e-05,30.4
1786,4.1426e-05,30.4
1787,4.1427e-05,30.4
1788,4.1428e-05,30.4
1789,4.1429e-05,30.4
1790,4.143e-05,30.4
1791,4.1431e-05,30.4
1792,4.1432e-05,30.4
1793,4.1433e-05,30.4
1794,4.1434e-05,30.4
1795,4.1435e-05,30.4
1796,4.1436e-05,30.4
1797,4.1437e-05,30.4
1798,4.1438e-05,30.4
1799,4.1439e-05,30.4
1800,4.144e-05,30.4
1801,4.1441e-05,30.4
1802,4.1442e-05,30.4
1803,4.1443e-05,30.4
1804,4.1444e-05,30.4
1805,4.1445e-05,30.4
1806,4.1446e-05,30.4
1807,4.1447e-05,30.4
1808,4.1448e-05,30.4
1809,4.1449e-05,30.4
1810,4.145e-05,30.4
1811,4.1451e-05,30.4
1812,4.1452e-05,29.6
1813,4.1453e-05,29.6
1814,4.1454e-05,29.6
1815,4.1455e-05,29.6
1816,4.1456e-05,29.6
1817,4.1457e-05,29.6
1818,4.1458e-05,29.6
1819,4.1459e-05,29.6
1820,4.146e-05,29.6
1821,4.1461e-05,29.6
1822,4.1462e-05,29.6
1823,4.1463e-05,29.6
1824,4.1464e-05,29.6
1825,4.1465e-05,29.6
1826,4.1466e-05,29.6
1827,4.1467e-05,29.6
1828,4.1468000000000003e-05,28.8
1829,4.1469e-05,29.6
1830,4.147e-05,29.6
1831,4.1471e-05,29.6
1832,4.1472e-05,29.6
1833,4.1473e-05,29.6
1834,4.1474e-05,29.6
1835,4.1475e-05,29.6
1836,4.1476e-05,28.8
1837,4.1477e-05,29.6
1838,4.1478e-05,29.6
1839,4.1479e-05,29.6
1840,4.148e-05,29.6
1841,4.1481e-05,29.6
1842,4.1482e-05,29.6
1843,4.1483e-05,29.6
1844,4.1484e-05,29.6
1845,4.1485e-05,29.6
1846,4.1486e-05,29.6
1847,4.1487e-05,29.6
1848,4.1488e-05,29.6
1849,4.1489e-05,29.6
1850,4.149e-05,29.6
1851,4.1491e-05,29.6
1852,4.1492e-05,29.6
1853,4.1493e-05,30.4
1854,4.1494e-05,30.4
1855,4.1495e-05,30.4
1856,4.1496e-05,30.4
1857,4.1497e-05,30.4
1858,4.1498e-05,30.4
1859,4.1499e-05,30.4
1860,4.15e-05,30.4
1861,4.1501e-05,30.4
1862,4.1502e-05,30.4
1863,4.1503e-05,30.4
1864,4.1504e-05,30.4
1865,4.1505e-05,30.4
1866,4.1506e-05,30.4
1867,4.1507e-05,30.4
1868,4.1508e-05,30.4
1869,4.1509e-05,30.4
1870,4.151e-05,30.4
1871,4.1511e-05,30.4
1872,4.1512e-05,30.4
1873,4.1513e-05,30.4
1874,4.1514e-05,30.4
1875,4.1515e-05,30.4
1876,4.1516e-05,30.4
1877,4.1517e-05,30.4
1878,4.1518e-05,30.4
1879,4.1519e-05,30.4
1880,4.152e-05,30.4
1881,4.1521e-05,30.4
1882,4.1522e-05,30.4
1883,4.1523e-05,30.4
1884,4.1524e-05,30.4
1885,4.1525e-05,30.4
1886,4.1526e-05,30.4
1887,4.1527e-05,30.4
1888,4.1528e-05,29.6
1889,4.1529e-05,29.6
1890,4.153e-05,29.6
1891,4.1531e-05,29.6
1892,4.1532e-05,29.6
1893,4.1533e-05,29.6
1894,4.1534e-05,29.6
1895,4.1535e-05,29.6
1896,4.1536000000000003e-05,29.6
1897,4.1537e-05,29.6
1898,4.1538e-05,29.6
1899,4.1539e-05,29.6
1900,4.154e-05,29.6
1901,4.1541e-05,29.6
1902,4.1542e-05,29.6
1903,4.1543e-05,29.6
1904,4.1544e-05,29.6
1905,4.1545e-05,29.6
1906,4.1546e-05,29.6
1907,4.1547e-05,29.6
1908,4.1548e-05,29.6
1909,4.1549e-05,29.6
1910,4.155e-05,29.6
1911,4.1551e-05,29.6
1912,4.1552e-05,29.6
1913,4.1553e-05,29.6
1914,4.1554e-05,29.6
1915,4.1555e-05,29.6
1916,4.1556e-05,29.6
1917,4.1557e-05,29.6
1918,4.1558e-05,29.6
1919,4.1559e-05,29.6
1920,4.156e-05,29.6
1921,4.1561e-05,29.6
1922,4.1562e-05,29.6
1923,4.1563e-05,29.6
1924,4.1564e-05,29.6
1925,4.1565e-05,29.6
1926,4.1566e-05,29.6
1927,4.1567e-05,29.6
1928,4.1568e-05,29.6
1929,4.1569e-05,30.4
1930,4.157e-05,30.4
1931,4.1571e-05,30.4
1932,4.1572e-05,30.4
1933,4.1573e-05,30.4
1934,4.1574e-05,30.4
1935,4.1575e-05,30.4
1936,4.1576e-05,30.4
1937,4.1577e-05,30.4
1938,4.1578e-05,30.4
1939,4.1579e-05,30.4
1940,4.158e-05,30.4
1941,4.1581e-05,30.4
1942,4.1582e-05,30.4
1943,4.1583e-05,30.4
1944,4.1584e-05,30.4
1945,4.1585e-05,30.4
1946,4.1586e-05,30.4
1947,4.1587e-05,30.4
1948,4.1588e-05,30.4
1949,4.1589e-05,30.4
1950,4.159e-05,30.4
1951,4.1591e-05,30.4
1952,4.1592e-05,30.4
1953,4.1593e-05,30.4
1954,4.1594e-05,30.4
1955,4.1595e-05,30.4
1956,4.1596e-05,30.4
1957,4.1597e-05,30.4
1958,4.1598e-05,30.4
1959,4.1599e-05,30.4
1960,4.16e-05,29.6
1961,4.1601e-05,29.6
1962,4.1602e-05,29.6
1963,4.1603e-05,29.6
1964,4.1604000000000004e-05,29.6
1965,4.1605e-05,29.6
1966,4.1606e-05,29.6
1967,4.1606999999999997e-05,29.6
1968,4.1608e-05,29.6
1969,4.1609e-05,29.6
1970,4.161e-05,29.6
1971,4.1611e-05,29.6
1972,4.1612e-05,29.6
1973,4.1613e-05,29.6
1974,4.1614e-05,29.6
1975,4.1615e-05,29.6
1976,4.1616e-05,29.6
1977,4.1617e-05,29.6
1978,4.1618e-05,29.6
1979,4.1619e-05,29.6
1980,4.162e-05,29.6
1981,4.1621e-05,29.6
1982,4.1622e-05,29.6
1983,4.1623e-05,29.6
1984,4.1624e-05,29.6
1985,4.1625e-05,29.6
1986,4.1626e-05,29.6
1987,4.1627e-05,29.6
1988,4.1628e-05,29.6
1989,4.1629e-05,29.6
1990,4.163e-05,29.6
1991,4.1631e-05,29.6
1992,4.1632e-05,29.6
1993,4.1633e-05,29.6
1994,4.1634e-05,29.6
1995,4.1635e-05,29.6
1996,4.1636e-05,29.6
1997,4.1637e-05,29.6
1998,4.1638e-05,29.6
1999,4.1639e-05,29.6
2000,4.164e-05,29.6
2001,4.1641e-05,29.6
2002,4.1642e-05,29.6
2003,4.1643e-05,29.6
2004,4.1644e-05,29.6
2005,4.1645e-05,29.6
2006,4.1646e-05,30.4
2007,4.1647e-05,30.4
2008,4.1648e-05,30.4
2009,4.1649e-05,30.4
2010,4.165e-05,30.4
2011,4.1651e-05,30.4
2012,4.1652e-05,30.4
2013,4.1653e-05,30.4
2014,4.1654e-05,30.4
2015,4.1655e-05,30.4
2016,4.1656e-05,30.4
2017,4.1657e-05,30.4
2018,4.1658e-05,30.4
2019,4.1659e-05,30.4
2020,4.166e-05,30.4
2021,4.1661e-05,30.4
2022,4.1662e-05,30.4
2023,4.1663e-05,30.4
2024,4.1664e-05,30.4
2025,4.1665e-05,30.4
2026,4.1666e-05,30.4
2027,4.1667e-05,30.4
2028,4.1668e-05,30.4
2029,4.1669e-05,30.4
2030,4.167e-05,30.4
2031,4.1671e-05,30.4
2032,4.1672000000000004e-05,30.4
2033,4.1673e-05,30.4
2034,4.1674e-05,30.4
2035,4.1674999999999997e-05,30.4
2036,4.1676e-05,30.4
2037,4.1677e-05,29.6
2038,4.1678e-05,29.6
2039,4.1679e-05,29.6
2040,4.168e-05,29.6
2041,4.1681e-05,29.6
2042,4.1682e-05,29.6
2043,4.1683e-05,29.6
2044,4.1684e-05,29.6
2045,4.1685e-05,29.6
2046,4.1686e-05,29.6
2047,4.1687e-05,29.6
2048,4.1688e-05,29.6
2049,4.1689e-05,29.6
2050,4.169e-05,29.6
2051,4.1691e-05,29.6
2052,4.1692e-05,29.6
2053,4.1693e-05,29.6
2054,4.1694e-05,29.6
2055,4.1695e-05,29.6
2056,4.1696e-05,29.6
2057,4.1697e-05,29.6
2058,4.1698e-05,29.6
2059,4.1699e-05,29.6
2060,4.17e-05,29.6
2061,4.1701e-05,29.6
2062,4.1702e-05,29.6
2063,4.1703e-05,29.6
2064,4.1704e-05,29.6
2065,4.1705e-05,29.6
2066,4.1706e-05,29.6
2067,4.1707e-05,29.6
2068,4.1708e-05,29.6
2069,4.1709e-05,29.6
2070,4.171e-05,29.6
2071,4.1711e-05,29.6
2072,4.1712e-05,29.6
2073,4.1713e-05,29.6
2074,4.1714e-05,29.6
2075,4.1715e-05,29.6
2076,4.1716e-05,29.6
2077,4.1717e-05,29.6
2078,4.1718e-05,29.6
2079,4.1719e-05,30.4
2080,4.172e-05,29.6
2081,4.1721e-05,30.4
2082,4.1722e-05,30.4
2083,4.1723e-05,30.4
2084,4.1724e-05,30.4
2085,4.1725e-05,30.4
2086,4.1726e-05,30.4
2087,4.1727e-05,30.4
2088,4.1728e-05,30.4
2089,4.1729e-05,30.4
2090,4.173e-05,30.4
2091,4.1731e-05,30.4
2092,4.1732e-05,30.4
2093,4.1733e-05,30.4
2094,4.1734e-05,30.4
2095,4.1735e-05,30.4
2096,4.1736e-05,30.4
2097,4.1737e-05,30.4
2098,4.1738e-05,30.4
2099,4.1739e-05,30.4
2100,4.1740000000000004e-05,30.4
2101,4.1741e-05,30.4
2102,4.1742e-05,30.4
2103,4.1742999999999997e-05,30.4
2104,4.1744e-05,30.4
2105,4.1745e-05,30.4
2106,4.1746e-05,30.4
2107,4.1747e-05,30.4
2108,4.1748e-05,29.6
2109,4.1749e-05,30.4
2110,4.175e-05,30.4
2111,4.1751e-05,30.4
2112,4.1752e-05,29.6
2113,4.1753e-05,30.4
2114,4.1754e-05,29.6
2115,4.1755e-05,29.6
2116,4.1756e-05,29.6
2117,4.1757e-05,29.6
2118,4.1758e-05,29.6
2119,4.1759e-05,29.6
2120,4.176e-05,29.6
2121,4.1761e-05,29.6
2122,4.1762e-05,29.6
2123,4.1763e-05,29.6
2124,4.1764e-05,29.6
2125,4.1765e-05,29.6
2126,4.1766e-05,29.6
2127,4.1767e-05,29.6
2128,4.1768e-05,29.6
2129,4.1769e-05,29.6
2130,4.177e-05,29.6
2131,4.1771e-05,29.6
2132,4.1772e-05,29.6
2133,4.1773e-05,29.6
2134,4.1774e-05,29.6
2135,4.1775e-05,29.6
2136,4.1776e-05,29.6
2137,4.1777e-05,29.6
2138,4.1778e-05,29.6
2139,4.1779e-05,29.6
2140,4.178e-05,29.6
2141,4.1781e-05,29.6
2142,4.1782e-05,29.6
2143,4.1783e-05,29.6
2144,4.1784e-05,29.6
2145,4.1785e-05,29.6
2146,4.1786e-05,29.6
2147,4.1787e-05,29.6
2148,4.1788e-05,29.6
2149,4.1789e-05,29.6
2150,4.179e-05,29.6
2151,4.1791e-05,29.6
2152,4.1792e-05,29.6
2153,4.1793e-05,29.6
2154,4.1794e-05,29.6
2155,4.1795e-05,30.4
2156,4.1796e-05,29.6
2157,4.1797e-05,30.4
2158,4.1798e-05,30.4
2159,4.1799e-05,30.4
2160,4.18e-05,30.4
2161,4.1801e-05,30.4
2162,4.1802e-05,30.4
2163,4.1803e-05,30.4
2164,4.1804e-05,30.4
2165,4.1805e-05,30.4
2166,4.1806e-05,30.4
2167,4.1807e-05,30.4
2168,4.1808000000000004e-05,30.4
2169,4.1809e-05,30.4
2170,4.181e-05,30.4
2171,4.1810999999999997e-05,30.4
2172,4.1812e-05,30.4
2173,4.1813e-05,30.4
2174,4.1814e-05,30.4
2175,4.1815e-05,30.4
2176,4.1816e-05,30.4
2177,4.1817e-05,30.4
2178,4.1818e-05,30.4
2179,4.1819e-05,30.4
2180,4.182e-05,29.6
2181,4.1821e-05,30.4
2182,4.1822e-05,30.4
2183,4.1823e-05,30.4
2184,4.1824e-05,29.6
2185,4.1825e-05,30.4
2186,4.1826e-05,29.6
2187,4.1827e-05,29.6
2188,4.1828e-05,29.6
2189,4.1829e-05,29.6
2190,4.183e-05,29.6
2191,4.1831e-05,29.6
2192,4.1832e-05,29.6
2193,4.1833e-05,29.6
2194,4.1834e-05,29.6
2195,4.1835e-05,29.6
2196,4.1836e-05,29.6
2197,4.1837e-05,29.6
2198,4.1838e-05,29.6
2199,4.1839e-05,29.6
2200,4.184e-05,29.6
2201,4.1841e-05,29.6
2202,4.1842e-05,29.6
2203,4.1843e-05,29.6
2204,4.1844e-05,29.6
2205,4.1845000000000003e-05,29.6
2206,4.1846e-05,29.6
2207,4.1847e-05,29.6
2208,4.1848e-05,29.6
2209,4.1849e-05,29.6
2210,4.185e-05,29.6
2211,4.1851e-05,29.6
2212,4.1852e-05,29.6
2213,4.1853e-05,29.6
2214,4.1854e-05,29.6
2215,4.1855e-05,29.6
2216,4.1856e-05,29.6
2217,4.1857e-05,29.6
2218,4.1858e-05,29.6
2219,4.1859e-05,29.6
2220,4.186e-05,29.6
2221,4.1861e-05,29.6
2222,4.1862e-05,29.6
2223,4.1863e-05,29.6
2224,4.1864e-05,29.6
2225,4.1865e-05,29.6
2226,4.1866e-05,29.6
2227,4.1867e-05,29.6
2228,4.1868e-05,29.6
2229,4.1869e-05,29.6
2230,4.187e-05,29.6
2231,4.1871e-05,30.4
2232,4.1872e-05,29.6
2233,4.1873e-05,30.4
2234,4.1874e-05,30.4
2235,4.1875e-05,29.6
2236,4.1876000000000004e-05,29.6
2237,4.1877e-05,30.4
2238,4.1878e-05,30.4
2239,4.1879e-05,30.4
2240,4.188e-05,30.4
2241,4.1881e-05,30.4
2242,4.1882e-05,30.4
2243,4.1883e-05,30.4
2244,4.1884e-05,30.4
2245,4.1885e-05,30.4
2246,4.1886e-05,30.4
2247,4.1887e-05,30.4
2248,4.1888e-05,30.4
2249,4.1889e-05,30.4
2250,4.189e-05,30.4
2251,4.1891e-05,30.4
2252,4.1892e-05,29.6
2253,4.1893e-05,30.4
2254,4.1894e-05,30.4
2255,4.1895e-05,30.4
2256,4.1896e-05,30.4
2257,4.1897e-05,30.4
2258,4.1898e-05,29.6
2259,4.1899e-05,29.6
2260,4.19e-05,29.6
2261,4.1901e-05,29.6
2262,4.1902e-05,30.4
2263,4.1903e-05,29.6
2264,4.1904e-05,29.6
2265,4.1905e-05,29.6
2266,4.1906e-05,29.6
2267,4.1907e-05,29.6
2268,4.1908e-05,29.6
2269,4.1909e-05,29.6
2270,4.191e-05,29.6
2271,4.1911e-05,29.6
2272,4.1912e-05,29.6
2273,4.1913000000000003e-05,29.6
2274,4.1914e-05,29.6
2275,4.1915e-05,29.6
2276,4.1916e-05,29.6
2277,4.1917e-05,29.6
2278,4.1918e-05,29.6
2279,4.1919e-05,29.6
2280,4.192e-05,29.6
2281,4.1921e-05,29.6
2282,4.1922e-05,29.6
2283,4.1923e-05,29.6
2284,4.1924e-05,29.6
2285,4.1925e-05,29.6
2286,4.1926e-05,29.6
2287,4.1927e-05,29.6
2288,4.1928e-05,29.6
2289,4.1929e-05,29.6
2290,4.193e-05,29.6
2291,4.1931e-05,29.6
2292,4.1932e-05,29.6
2293,4.1933e-05,29.6
2294,4.1934e-05,29.6
2295,4.1935e-05,29.6
2296,4.1936e-05,29.6
2297,4.1937e-05,29.6
2298,4.1938e-05,29.6
2299,4.1939e-05,29.6
2300,4.194e-05,29.6
2301,4.1941e-05,29.6
2302,4.1942e-05,29.6
2303,4.1943e-05,30.4
2304,4.1944000000000004e-05,29.6
2305,4.1945e-05,29.6
2306,4.1946e-05,29.6
2307,4.1947e-05,30.4
2308,4.1948e-05,29.6
2309,4.1949e-05,30.4
2310,4.195e-05,30.4
2311,4.1951e-05,30.4
2312,4.1952e-05,30.4
2313,4.1953e-05,30.4
2314,4.1954e-05,30.4
2315,4.1955e-05,30.4
2316,4.1956e-05,30.4
2317,4.1957e-05,30.4
2318,4.1958e-05,30.4
2319,4.1959e-05,30.4
2320,4.196e-05,30.4
2321,4.1961e-05,30.4
2322,4.1962e-05,30.4
2323,4.1963e-05,30.4
2324,4.1964e-05,30.4
2325,4.1965e-05,30.4
2326,4.1966e-05,30.4
2327,4.1967e-05,30.4
2328,4.1968e-05,29.6
2329,4.1969e-05,30.4
2330,4.197e-05,29.6
2331,4.1971e-05,30.4
2332,4.1972e-05,29.6
2333,4.1973e-05,30.4
2334,4.1974e-05,29.6
2335,4.1975e-05,29.6
2336,4.1976e-05,29.6
2337,4.1977e-05,29.6
2338,4.1978e-05,29.6
2339,4.1979e-05,29.6
2340,4.198e-05,29.6
2341,4.1981000000000003e-05,29.6
2342,4.1982e-05,29.6
2343,4.1983e-05,29.6
2344,4.1984e-05,29.6
2345,4.1985e-05,29.6
2346,4.1986e-05,29.6
2347,4.1987e-05,29.6
2348,4.1988e-05,29.6
2349,4.1989e-05,29.6
2350,4.199e-05,29.6
2351,4.1991e-05,29.6
2352,4.1992e-05,29.6
2353,4.1993e-05,29.6
2354,4.1994e-05,29.6
2355,4.1995e-05,29.6
2356,4.1996e-05,29.6
2357,4.1997e-05,29.6
2358,4.1998e-05,29.6
2359,4.1999e-05,29.6
2360,4.2e-05,29.6
2361,4.2001e-05,29.6
2362,4.2002e-05,29.6
2363,4.2003e-05,29.6
2364,4.2004e-05,29.6
2365,4.2005e-05,29.6
2366,4.2006e-05,29.6
2367,4.2007e-05,29.6
2368,4.2008e-05,29.6
2369,4.2009e-05,29.6
2370,4.201e-05,29.6
2371,4.2011e-05,29.6
2372,4.2012000000000004e-05,29.6
2373,4.2013e-05,29.6
2374,4.2014e-05,29.6
2375,4.2015e-05,29.6
2376,4.2016e-05,29.6
2377,4.2017e-05,29.6
2378,4.2018e-05,29.6
2379,4.2019e-05,30.4
2380,4.202e-05,29.6
2381,4.2021e-05,29.6
2382,4.2022e-05,30.4
2383,4.2023e-05,30.4
2384,4.2024e-05,30.4
2385,4.2025e-05,29.6
2386,4.2026e-05,29.6
2387,4.2027e-05,29.6
2388,4.2028e-05,29.6
2389,4.2029e-05,30.4
2390,4.203e-05,30.4
2391,4.2031e-05,30.4
2392,4.2032e-05,30.4
2393,4.2033e-05,30.4
2394,4.2034e-05,30.4
2395,4.2035e-05,30.4
2396,4.2036e-05,29.6
2397,4.2037e-05,29.6
2398,4.2038e-05,30.4
2399,4.2039e-05,30.4
