"Time / s","Sine Wave","Random Numbers"
0,0,0.097627004864073053
9.9999999999999995e-07,9.999999983333333e-05,0.097627004864073053
5.9999999999999993e-06,0.00059999996400000063,0.097627004864073053
3.0999999999999995e-05,0.0030999950348357184,0.097627004864073053
0.000156,0.015599367271699086,0.097627004864073053
0.00078100000000000001,0.078020627620728769,0.097627004864073053
0.001781,0.17715994838594104,0.097627004864073053
0.0027810000000000001,0.27452914550817403,0.097627004864073053
0.0037810000000000001,0.36915533815575968,0.097627004864073053
0.0047810000000000005,0.46009305269102407,0.097627004864073053
0.0057810000000000005,0.54643366953034245,0.097627004864073053
0.0067810000000000006,0.62731450177066994,0.097627004864073053
0.0077810000000000006,0.70192741487190957,0.097627004864073053
0.0087810000000000006,0.76952690127010392,0.097627004864073053
0.0097810000000000015,0.82943752924258152,0.097627004864073053
0.0099999999999997157,0.84147098480788118,0.097627004864073053
0.01,0.8414709848078965,0.18568923305386886
0.010999999999999999,0.89120736006143531,0.18568923305386886
0.012,0.93203908596722629,0.18568923305386886
0.013000000000000001,0.96355818541719296,0.18568923305386886
0.014000000000000002,0.98544972998846025,0.18568923305386886
0.015000000000000003,0.99749498660405445,0.18568923305386886
0.015707963267948519,1,0.18568923305386886
0.015707963267948967,1,0.18568923305386886
0.016707963267948968,0.99500416527802571,0.18568923305386886
0.017707963267948969,0.98006657784124152,0.18568923305386886
0.01870796326794897,0.95533648912560587,0.18568923305386886
0.019707963267948971,0.92106099400288488,0.18568923305386886
0.019999999999999431,0.90929742682570536,0.18568923305386886
0.02,0.90929742682568171,0.43037873027622209
0.021000000000000001,0.86320936664887371,0.43037873027622209
0.022000000000000002,0.80849640381959009,0.43037873027622209
0.023000000000000003,0.74570521217672003,0.43037873027622209
0.024000000000000004,0.67546318055115062,0.43037873027622209
0.025000000000000005,0.59847214410395611,0.43037873027622209
0.026000000000000006,0.51550137182146383,0.43037873027622209
0.027000000000000007,0.42737988023382939,0.43037873027622209
0.028000000000000008,0.33498815015590427,0.43037873027622209
0.029000000000000008,0.23924932921398157,0.43037873027622209
0.029999999999999145,0.14112000805995165,0.43037873027622209
0.029999999999999999,0.14112000805986721,0.68853148857330249
0.031,0.041580662433290491,0.68853148857330249
0.032000000000000001,-0.058374143427580086,0.68853148857330249
0.033000000000000002,-0.15774569414324865,0.68853148857330249
0.034000000000000002,-0.25554110202683167,0.68853148857330249
0.035000000000000003,-0.35078322768962028,0.68853148857330249
0.036000000000000004,-0.44252044329485285,0.68853148857330249
0.037000000000000005,-0.52983614090849374,0.68853148857330249
0.038000000000000006,-0.61185789094271958,0.68853148857330249
0.039000000000000007,-0.68776615918397443,0.68853148857330249
0.039999999999998863,-0.75680249530785393,0.68853148857330249
0.040000000000000001,-0.75680249530792831,0.20552674103656932
0.041000000000000002,-0.81827711106441081,0.20552674103656932
0.042000000000000003,-0.87157577241358819,0.20552674103656932
0.043000000000000003,-0.91616593674945523,0.20552674103656932
0.044000000000000004,-0.95160207388951612,0.20552674103656932
0.045000000000000005,-0.97753011766509723,0.20552674103656932
0.046000000000000006,-0.99369100363346452,0.20552674103656932
0.047000000000000007,-0.99992325756410094,0.20552674103656932
0.047123889803845562,-1,0.20552674103656932
0.047123889803846901,-1,0.20552674103656932
0.048123889803846902,-0.99500416527802571,0.20552674103656932
0.049123889803846903,-0.98006657784124163,0.20552674103656932
0.04999999999999858,-0.95892427466317876,0.20552674103656932
0.050000000000000003,-0.95892427466313845,0.71589124009848826
0.051000000000000004,-0.92581468232773212,0.71589124009848826
0.052000000000000005,-0.88345465572015314,0.71589124009848826
0.053000000000000005,-0.83226744222390081,0.71589124009848826
0.054000000000000006,-0.77276448755598715,0.71589124009848826
0.055000000000000007,-0.70554032557039126,0.71589124009848826
0.056000000000000008,-0.63126663787232096,0.71589124009848826
0.057000000000000009,-0.55068554259763691,0.71589124009848826
0.05800000000000001,-0.46460217941375659,0.71589124009848826
0.059000000000000011,-0.37387666483023518,0.71589124009848826
0.059999999999998291,-0.27941549819908962,0.71589124009848826
0.059999999999999998,-0.27941549819892586,0.089766355019474053
0.060999999999999999,-0.18216250427209588,0.089766355019474053
0.062,-0.083089402817496397,0.089766355019474053
0.063,0.016813900484349713,0.089766355019474053
0.064000000000000001,0.11654920485049364,0.089766355019474053
0.065000000000000002,0.21511998808781552,0.089766355019474053
0.066000000000000003,0.31154136351337869,0.089766355019474053
0.067000000000000004,0.4048499206165983,0.089766355019474053
0.068000000000000005,0.49411335113860894,0.089766355019474053
0.069000000000000006,0.57843976438820022,0.089766355019474053
0.069999999999998022,0.65698659871863974,0.089766355019474053
0.070000000000000007,0.65698659871878973,0.69450347490946385
0.071000000000000008,0.72896904012587649,0.69450347490946385
0.072000000000000008,0.79366786384915367,0.69450347490946385
0.073000000000000009,0.85043662062856495,0.69450347490946385
0.07400000000000001,0.89870809581162725,0.69450347490946385
0.075000000000000011,0.93799997677473912,0.69450347490946385
0.076000000000000012,0.96791967203148677,0.69450347490946385
0.077000000000000013,0.98816823387700048,0.69450347490946385
0.078000000000000014,0.9985433453746051,0.69450347490946385
0.078539816339742594,1,0.69450347490946385
0.078539816339744828,1,0.69450347490946385
0.079539816339744829,0.99500416527802582,0.69450347490946385
0.079999999999997726,0.98935824662341487,0.69450347490946385
0.080000000000000002,0.98935824662338179,-0.15269040622578245
0.081000000000000003,0.9698898108450863,-0.15269040622578245
0.082000000000000003,0.94073055667977257,-0.15269040622578245
0.083000000000000004,0.9021718337562934,-0.15269040622578245
0.084000000000000005,0.85459890808828043,-0.15269040622578245
0.085000000000000006,0.79848711262349026,-0.15269040622578245
0.086000000000000007,0.73439709787411223,-0.15269040622578245
0.087000000000000008,0.662969230082182,-0.15269040622578245
0.088000000000000009,0.58491719289176169,-0.15269040622578245
0.08900000000000001,0.50102085645788463,-0.15269040622578245
0.089999999999997443,0.41211848524198963,-0.15269040622578245
0.089999999999999997,0.41211848524175659,0.2471273930853064
0.090999999999999998,0.31909836234935213,0.2471273930853064
0.091999999999999998,0.22288991410024764,0.2471273930853064
0.092999999999999999,0.12445442350706171,0.2471273930853064
0.094,0.024775425453357765,0.2471273930853064
0.095000000000000001,-0.075151120461809301,0.2471273930853064
0.096000000000000002,-0.17432678122297965,0.2471273930853064
0.097000000000000003,-0.27176062641094417,0.2471273930853064
0.098000000000000004,-0.36647912925192844,0.2471273930853064
0.099000000000000005,-0.45753589377532139,0.2471273930853064
0.099999999999997161,-0.5440211108891313,0.2471273930853064
0.10000000000000001,-0.54402111088936977,0.2917882304852335
0.10100000000000001,-0.62507064889288344,0.2917882304852335
0.10200000000000001,-0.69987468759354365,0.2917882304852335
0.10300000000000001,-0.76768580976358247,0.2917882304852335
0.10400000000000001,-0.82782646908565372,0.2917882304852335
0.10500000000000001,-0.87969575997167093,0.2917882304852335
0.10600000000000001,-0.92277542161280735,0.2917882304852335
0.10700000000000001,-0.95663501627018843,0.2917882304852335
0.10800000000000001,-0.98093623006649155,0.2917882304852335
0.10900000000000001,-0.99543625330637753,0.2917882304852335
0.10995574287563965,-1,0.2917882304852335
0.10995574287564278,-1,0.2917882304852335
0.10999999999999688,-0.99999020655070481,0.2917882304852335
0.11,-0.99999020655070348,-0.23123658337426289
0.111,-0.99455258820398917,-0.23123658337426289
0.112,-0.97917772915131696,-0.23123658337426289
0.113,-0.95401924990208897,-0.23123658337426289
0.114,-0.91932852566467571,-0.23123658337426289
0.115,-0.87545217468842851,-0.23123658337426289
0.11600000000000001,-0.82282859496870786,-0.23123658337426289
0.11700000000000001,-0.76198358391903209,-0.23123658337426289
0.11800000000000001,-0.69352508477712238,-0.23123658337426289
0.11900000000000001,-0.61813711223703327,-0.23123658337426289
0.11999999999999658,-0.53657291800072282,-0.23123658337426289
0.12,-0.53657291800043494,-0.12482557984181342
0.121,-0.44964746453460147,-0.12482557984181342
0.122,-0.35822928223682871,-0.12482557984181342
0.123,-0.26323179136580094,-0.12482557984181342
0.124,-0.16560417544830941,-0.12482557984181342
0.125,-0.066321897351200684,-0.12482557984181342
0.126,0.033623047221136695,-0.12482557984181342
0.127,0.13323204141994222,-0.12482557984181342
0.128,0.23150982510153895,-0.12482557984181342
0.129,0.32747443913769303,-0.12482557984181342
0.12999999999999631,0.42016703682630563,-0.12482557984181342
0.13,0.42016703682664092,-0.40493078935074867
0.13100000000000001,0.50866146437237525,-0.40493078935074867
0.13200000000000001,0.59207351470722447,-0.40493078935074867
0.13300000000000001,0.66956976219660236,-0.40493078935074867
0.13400000000000001,0.74037588995244863,-0.40493078935074867
0.13500000000000001,0.80378442655162086,-0.40493078935074867
0.13600000000000001,0.85916181485649668,-0.40493078935074867
0.13700000000000001,0.90595474230846262,-0.40493078935074867
0.13800000000000001,0.94369566944410477,-0.40493078935074867
0.13900000000000001,0.97200750139497638,-0.40493078935074867
0.13999999999999604,0.99060735569481617,-0.40493078935074867
0.14000000000000001,0.99060735569487057,0.78354600392830243
0.14100000000000001,0.99930938874791775,0.78354600392830243
0.14137166941153667,1,0.78354600392830243
0.1413716694115407,1,0.78354600392830243
0.1423716694115407,0.99500416527802571,0.78354600392830243
0.1433716694115407,0.98006657784124152,0.78354600392830243
0.1443716694115407,0.95533648912560598,0.78354600392830243
0.1453716694115407,0.92106099400288521,0.78354600392830243
0.1463716694115407,0.87758256189037209,0.78354600392830243
0.1473716694115407,0.82533561490967777,0.78354600392830243
0.1483716694115407,0.76484218728448805,0.78354600392830243
0.1493716694115407,0.69670670934716528,0.78354600392830243
0.14999999999999572,0.65028784015744212,0.78354600392830243
0.14999999999999999,0.65028784015711683,-0.88657404852252775
0.151,0.57119686965998862,-0.88657404852252775
0.152,0.48639868885379967,-0.88657404852252775
0.153,0.39674057313061367,-0.88657404852252775
0.154,0.30311835674570226,-0.88657404852252775
0.155,0.2064674819377966,-0.88657404852252775
0.156,0.10775365229944406,-0.88657404852252775
0.157,0.0079631837859373434,-0.88657404852252775
0.158,-0.091906850227681636,-0.88657404852252775
0.159,-0.19085858137418937,-0.88657404852252775
0.15999999999999545,-0.28790331666462982,-0.88657404852252775
0.16,-0.2879033166650653,0.92732552856377448
0.161,-0.38207141718400911,0.92732552856377448
0.16200000000000001,-0.47242198639846616,0.92732552856377448
0.16300000000000001,-0.55805227128677937,0.92732552856377448
0.16400000000000001,-0.6381066823479502,0.92732552856377448
0.16500000000000001,-0.71178534236912305,0.92732552856377448
0.16600000000000001,-0.77835207853429844,0.92732552856377448
0.16700000000000001,-0.83714177801974676,0.92732552856377448
0.16800000000000001,-0.88756703358150457,0.92732552856377448
0.16900000000000001,-0.92912401273436973,0.92732552856377448
0.16999999999999518,-0.96139749187942392,0.92732552856377448
0.17000000000000001,-0.96139749187955681,-0.45468741083859643
0.17100000000000001,-0.98406500508164341,-0.45468741083859643
0.17200000000000001,-0.99690006604159642,-0.45468741083859643
0.17278759594743373,-1,-0.45468741083859643
0.17278759594743864,-1,-0.45468741083859643
0.17378759594743864,-0.99500416527802549,-0.45468741083859643
0.17478759594743865,-0.98006657784124152,-0.45468741083859643
0.17578759594743865,-0.95533648912560554,-0.45468741083859643
0.17678759594743865,-0.92106099400288388,-0.45468741083859643
0.17778759594743865,-0.8775825618903722,-0.45468741083859643
0.17878759594743865,-0.82533561490967688,-0.45468741083859643
0.17978759594743865,-0.76484218728448816,-0.45468741083859643
0.17999999999999489,-0.75098724677201389,-0.45468741083859643
0.17999999999999999,-0.75098724677167616,-0.2331169571804621
0.18099999999999999,-0.6813137655555026,-0.2331169571804621
0.182,-0.60483282240628411,-0.2331169571804621
0.183,-0.52230858962673155,-0.2331169571804621
0.184,-0.43456562207189675,-0.2331169571804621
0.185,-0.34248061846961253,-0.2331169571804621
0.186,-0.24697366173662089,-0.2331169571804621
0.187,-0.1489990258141988,-0.2331169571804621
0.188,-0.049535640878367419,-0.2331169571804621
0.189,0.050422687806811223,-0.2331169571804621
0.18999999999999459,0.14987720966241841,-0.2331169571804621
0.19,0.14987720966295234,-0.044669776466831013
0.191,0.24783420798295983,-0.044669776466831013
0.192,0.34331492881989539,-0.044669776466831013
0.193,0.4353653603728932,-0.044669776466831013
0.19400000000000001,0.52306576515769942,-0.044669776466831013
0.19500000000000001,0.60553986971960105,-0.044669776466831013
0.19600000000000001,0.6819636200681356,-0.044669776466831013
0.19700000000000001,0.75157341535214828,-0.044669776466831013
0.19800000000000001,0.81367373750710537,-0.044669776466831013
0.19900000000000001,0.86764410064166908,-0.044669776466831013
0.19999999999999432,0.91294525072739563,-0.044669776466831013
0.20000000000000001,0.91294525072762767,0.58345006722571569
0.20100000000000001,0.94912455364789461,0.58345006722571569
0.20200000000000001,0.97582051776697631,0.58345006722571569
0.20300000000000001,0.99276640583590714,0.58345006722571569
0.20400000000000001,0.99979290014266931,0.58345006722571569
0.20420352248333076,1,0.58345006722571569
0.20420352248333656,1,0.58345006722571569
0.20520352248333656,0.99500416527802593,0.58345006722571569
0.20620352248333657,0.98006657784124163,0.58345006722571569
0.20720352248333657,0.95533648912560554,0.58345006722571569
0.20820352248333657,0.92106099400288521,0.58345006722571569
0.20920352248333657,0.8775825618903722,0.58345006722571569
0.20999999999999402,0.83665563853638292,0.58345006722571569
0.20999999999999999,0.83665563853605596,0.62433745330766244
0.21099999999999999,0.77779416180109506,0.62433745330766244
0.21199999999999999,0.71116122290598249,0.62433745330766244
0.21299999999999999,0.63742259615023888,0.62433745330766244
0.214,0.55731505351766142,0.62433745330766244
0.215,0.47163900309419615,0.62433745330766244
0.216,0.38125049165494013,0.62433745330766244
0.217,0.28705265132772845,0.62433745330766244
0.218,0.18998667579543774,0.62433745330766244
0.219,0.091022416199847869,0.62433745330766244
0.21999999999999376,-0.0088513092897786229,0.62433745330766244
0.22,-0.0088513092904038762,0.057789843310087408
0.221,-0.10863659542407976,0.057789843310087408
0.222,-0.20733642060675878,0.057789843310087408
0.223,-0.30396460881104703,0.057789843310087408
0.224,-0.39755568312143613,0.057789843310087408
0.22500000000000001,-0.48717451246050952,0.057789843310087408
0.22600000000000001,-0.57192565510956384,0.057789843310087408
0.22700000000000001,-0.65096230566624691,0.057789843310087408
0.22800000000000001,-0.72349475604424496,0.057789843310087408
0.22900000000000001,-0.78879828597541857,0.057789843310087408
0.22999999999999346,-0.84622040417482236,0.057789843310087408
0.23000000000000001,-0.84622040417517064,-0.040045656971644084
0.23100000000000001,-0.89518736781968178,-0.040045656971644084
0.23200000000000001,-0.93520991519454022,-0.040045656971644084
0.23300000000000001,-0.96588815423607044,-0.040045656971644084
0.23400000000000001,-0.98691555812064935,-0.040045656971644084
0.23500000000000001,-0.99808202797939627,-0.040045656971644084
0.23561944901922779,-1,-0.040045656971644084
0.23561944901923448,-1,-0.040045656971644084
0.23661944901923448,-0.99500416527802593,-0.040045656971644084
0.23761944901923449,-0.98006657784124163,-0.040045656971644084
0.23861944901923449,-0.95533648912560665,-0.040045656971644084
0.23961944901923449,-0.92106099400288532,-0.040045656971644084
0.23999999999999316,-0.90557836200691322,-0.040045656971644084
0.23999999999999999,-0.90557836200662389,0.13608912777530247
0.24099999999999999,-0.85870700260993127,0.13608912777530247
0.24199999999999999,-0.80325572669395484,0.13608912777530247
0.24299999999999999,-0.7397785850778934,0.13608912777530247
0.24399999999999999,-0.66890982037802427,0.13608912777530247
0.245,-0.59135752986512435,0.13608912777530247
0.246,-0.50789659039062207,0.13608912777530247
0.247,-0.41936091607323134,0.13608912777530247
0.248,-0.32663512610472223,0.13608912777530247
0.249,-0.23064570592739567,0.13608912777530247
0.24999999999999289,-0.13235175009847733,0.13608912777530247
0.25,-0.13235175009777303,-0.21443041349165848
0.251,-0.032735379330845318,-0.21443041349165848
0.252,0.067208072525474921,-0.21443041349165848
0.253,0.16648000353715925,-0.21443041349165848
0.254,0.26408852138446942,-0.21443041349165848
0.255,0.35905835402216829,-0.21443041349165848
0.25600000000000001,0.45044059427538929,-0.21443041349165848
0.25700000000000001,0.53732218100647189,-0.21443041349165848
0.25800000000000001,0.61883502212003927,-0.21443041349165848
0.25900000000000001,0.69416466825224454,-0.21443041349165848
0.25999999999999263,0.76255845047912474,-0.21443041349165848
0.26000000000000001,0.76255845047960269,0.85119326688609864
0.26100000000000001,0.82333300073808158,0.85119326688609864
0.26200000000000001,0.87588107981089103,0.85119326688609864
0.26300000000000001,0.91967764466201984,0.85119326688609864
0.26400000000000001,0.95428509449269805,0.85119326688609864
0.26500000000000001,0.97935764310391704,0.85119326688609864
0.26600000000000001,0.99464477387783812,0.85119326688609864
0.26700000000000002,0.9999937428570207,0.85119326688609864
0.2670353755551248,1,0.85119326688609864
0.2670353755551324,1,0.85119326688609864
0.2680353755551324,0.99500416527802593,0.85119326688609864
0.26903537555513241,0.98006657784124229,0.85119326688609864
0.26999999999999236,0.95637592840472618,0.85119326688609864
0.27000000000000002,0.95637592840450303,0.67215753804709699
0.27100000000000002,0.92243281692308576,0.67215753804709699
0.27200000000000002,0.87927306165072261,0.67215753804709699
0.27300000000000002,0.82732790059537864,0.67215753804709699
0.27400000000000002,0.7671163526355278,0.67215753804709699
0.27500000000000002,0.6992400316550953,0.67215753804709699
0.27600000000000002,0.62437713541639139,0.67215753804709699
0.27700000000000002,0.54327566923224491,0.67215753804709699
0.27800000000000002,0.45674597214418966,0.67215753804709699
0.27900000000000003,0.36565262028261802,0.67215753804709699
0.27999999999999209,0.27090578830863166,0.67215753804709699
0.28000000000000003,0.2709057883078656,-0.85792788254514518
0.28100000000000003,0.17345215524589211,-0.85792788254514518
0.28200000000000003,0.07426544558435777,-0.85792788254514518
0.28300000000000003,-0.025663299860563041,-0.85792788254514518
0.28400000000000003,-0.12533562609643265,-0.85792788254514518
0.28500000000000003,-0.22375564018679989,-0.85792788254514518
0.28600000000000003,-0.3199399618841981,-0.85792788254514518
0.28700000000000003,-0.41292754924054337,-0.85792788254514518
0.28800000000000003,-0.50178930102057717,-0.85792788254514518
0.28900000000000003,-0.58563733997430045,-0.85792788254514518
0.28999999999999176,-0.66363388421235092,-0.85792788254514518
0.28999999999999998,-0.66363388421296488,-0.32520767658138827
0.29099999999999998,-0.73499961804877523,-0.32520767658138827
0.29199999999999998,-0.7990214786596137,-0.32520767658138827
0.29299999999999998,-0.85505978077706846,-0.32520767658138827
0.29399999999999998,-0.90255460821018541,-0.32520767658138827
0.29499999999999998,-0.94103140834295351,-0.32520767658138827
0.29599999999999999,-0.97010573370718456,-0.32520767658138827
0.29699999999999999,-0.98948708325453516,-0.32520767658138827
0.29799999999999999,-0.99898180494694921,-0.32520767658138827
0.29845130209102189,-1,-0.32520767658138827
0.29845130209103038,-1,-0.32520767658138827
0.29945130209103038,-0.9950041652780256,-0.32520767658138827
0.29999999999999144,-0.98803162409299383,-0.32520767658138827
0.29999999999999999,-0.98803162409286183,-0.82574140602390778
0.30099999999999999,-0.96769613213380612,-0.82574140602390778
0.30199999999999999,-0.93769174030028113,-0.82574140602390778
0.30299999999999999,-0.89831824255735471,-0.82574140602390778
0.30399999999999999,-0.84996904587932809,-0.82574140602390778
0.30499999999999999,-0.79312723945728514,-0.82574140602390778
0.30599999999999999,-0.72836076783159587,-0.82574140602390778
0.307,-0.65631675617779039,-0.82574140602390778
0.308,-0.57771504444573174,-0.82574140602390778
0.309,-0.4933409949567783,-0.82574140602390778
0.30999999999999117,-0.40403764532387099,-0.82574140602390778
0.31,-0.40403764532306502,0.29634375341617125
0.311,-0.31069728509437222,0.29634375341617125
0.312,-0.21425254029588769,0.29634375341617125
0.313,-0.11566705493723693,0.29634375341617125
0.314,-0.015925862600101801,0.29634375341617125
0.315,0.08397445569174683,0.29634375341617125
0.316,0.18303572898058801,0.29634375341617125
0.317,0.28026816976901953,0.29634375341617125
0.318,0.37470026364946202,0.29634375341617125
0.31900000000000001,0.46538847635495861,0.29634375341617125
0.3199999999999909,0.55142668124093186,0.29634375341617125
0.32000000000000001,0.55142668124169059,-0.95956320174959564
0.32100000000000001,0.63195521300688495,-0.95956320174959564
0.32200000000000001,0.70616945718033441,-0.95956320174959564
0.32300000000000001,0.77332788956622511,-0.95956320174959564
0.32400000000000001,0.83275948530777977,-0.95956320174959564
0.32500000000000001,0.88387042354583067,-0.95956320174959564
0.32600000000000001,0.92615002068052854,-0.95956320174959564
0.32700000000000001,0.9591758329530804,-0.95956320174959564
0.32800000000000001,0.98261787736414086,-0.95956320174959564
0.32900000000000001,0.99624192875486361,-0.95956320174959564
0.32986722862691892,1,-0.95956320174959564
0.3298672286269283,1,-0.95956320174959564
0.32999999999999063,0.99991186010727962,-0.95956320174959564
0.33000000000000002,0.99991186010726718,-0.26351692510384994
0.33100000000000002,0.99359100268039491,-0.26351692510384994
0.33200000000000002,0.97734251239225867,-0.26351692510384994
0.33300000000000002,0.95132873878678048,-0.26351692510384994
0.33400000000000002,0.91580960289081903,-0.26351692510384994
0.33500000000000002,0.87114000016917637,-0.26351692510384994
0.33600000000000002,0.8177662545264418,-0.26351692510384994
0.33700000000000002,0.75622165878606296,-0.26351692510384994
0.33800000000000002,0.68712114620473919,-0.26351692510384994
0.33900000000000002,0.61115514626259049,-0.26351692510384994
0.33999999999999037,0.52908268612084386,-0.26351692510384994
0.34000000000000002,0.52908268612002385,0.66523968606843598
0.34100000000000003,0.44172380666922378,0.66523968606843598
0.34200000000000003,0.34995136895666218,0.66523968606843598
0.34300000000000003,0.25468233284402819,0.66523968606843598
0.34400000000000003,0.15686859504840298,0.66523968606843598
0.34500000000000003,0.057487478104924564,0.66523968606843598
0.34600000000000003,-0.042468034716951521,0.66523968606843598
0.34700000000000003,-0.14199922097400169,0.66523968606843598
0.34800000000000003,-0.2401115979537814,0.66523968606843598
0.34900000000000003,-0.33582485921714861,0.66523968606843598
0.3499999999999901,-0.42818266949525846,0.66523968606843598
0.35000000000000003,-0.42818266949615102,0.91431030908467026
0.35100000000000003,-0.51626222007992695,0.91431030908467026
0.35200000000000004,-0.59918344921426525,0.91431030908467026
0.35300000000000004,-0.67611783538776948,0.91431030908467026
0.35400000000000004,-0.74629667564492097,0.91431030908467026
0.35500000000000004,-0.8090187662119106,0.91431030908467026
0.35600000000000004,-0.86365740869295604,0.91431030908467026
0.35700000000000004,-0.90966667183352823,0.91431030908467026
0.35800000000000004,-0.9465868462849627,0.91431030908467026
0.35900000000000004,-0.97404903786832797,0.91431030908467026
0.35999999999998977,-0.99177885344298478,0.91431030908467026
0.35999999999999999,-0.99177885344311578,0.55631351414050756
0.36099999999999999,-0.99959914255280291,0.55631351414050756
0.36128315516281595,-1,0.55631351414050756
0.36128315516282622,-1,0.55631351414050756
0.36228315516282622,-0.99500416527802593,0.55631351414050756
0.36328315516282622,-0.98006657784124174,0.55631351414050756
0.36428315516282622,-0.95533648912560565,0.55631351414050756
0.36528315516282622,-0.9210609940028841,0.55631351414050756
0.36628315516282622,-0.8775825618903742,0.55631351414050756
0.36728315516282622,-0.82533561490967933,0.55631351414050756
0.36828315516282623,-0.76484218728448861,0.55631351414050756
0.36928315516282623,-0.69670670934716461,0.55631351414050756
0.3699999999999895,-0.64353813335780441,0.55631351414050756
0.37,-0.6435381333569995,-0.7192984450886255
0.371,-0.56390922325026249,-0.7192984450886255
0.372,-0.47864591858841499,-0.7192984450886255
0.373,-0.38860014212734334,-0.7192984450886255
0.374,-0.29467160150025762,-0.7192984450886255
0.375,-0.19779879963646227,-0.7192984450886255
0.376,-0.098949657550289546,-0.7192984450886255
0.377,0.00088815680571759212,-0.7192984450886255
0.378,0.10071709699250053,-0.7192984450886255
0.379,0.19953970523878739,-0.7192984450886255
0.37999999999998918,0.29636857870835381,-0.7192984450886255
0.38,0.29636857870938532,0.74002429091837829
0.38100000000000001,0.39023623530794616,0.74002429091837829
0.38200000000000001,0.48020478043825898,0.74002429091837829
0.38300000000000001,0.56537527813702293,0.74002429091837829
0.38400000000000001,0.64489673294486738,0.74002429091837829
0.38500000000000001,0.7179745927716441,0.74002429091837829
0.38600000000000001,0.78387868779829295,0.74002429091837829
0.38700000000000001,0.84195052609230492,0.74002429091837829
0.38800000000000001,0.8916098730414439,0.74002429091837829
0.38900000000000001,0.93236054886618902,0.74002429091837829
0.38999999999998891,0.96379538628379224,0.74002429091837829
0.39000000000000001,0.96379538628408779,0.74017450253948902
0.39100000000000001,0.98560029879063304,0.74017450253948902
0.39200000000000002,0.99755741890780514,0.74017450253948902
0.39269908169871298,1,0.74017450253948902
0.39269908169872414,1,0.74017450253948902
0.39369908169872414,0.9950041652780256,0.74017450253948902
0.39469908169872414,0.9800665778412424,0.74017450253948902
0.39569908169872414,0.95533648912560676,0.74017450253948902
0.39669908169872414,0.92106099400288555,0.74017450253948902
0.39769908169872414,0.87758256189037265,0.74017450253948902
0.39869908169872414,0.82533561490967733,0.74017450253948902
0.39969908169872415,0.76484218728449105,0.74017450253948902
0.39999999999998864,0.74511316048010701,0.74017450253948902
0.40000000000000002,0.74511316047934883,0.95723668624582614
0.40100000000000002,0.67480799289386684,0.95723668624582614
0.40200000000000002,0.5977603669052548,0.95723668624582614
0.40300000000000002,0.51474011692383204,0.95723668624582614
0.40400000000000003,0.42657675384456673,0.95723668624582614
0.40500000000000003,0.33415117684842055,0.95723668624582614
0.40600000000000003,0.23838687174889206,0.95723668624582614
0.40700000000000003,0.14024068382707161,0.95723668624582614
0.40800000000000003,0.040693257349857757,0.95723668624582614
0.40900000000000003,-0.059260762703393421,0.95723668624582614
0.40999999999998837,-0.15862266880355846,0.95723668624582614
0.41000000000000003,-0.15862266880470899,-0.052783919743444763
0.41100000000000003,-0.25639966963301802,-0.052783919743444763
0.41200000000000003,-0.3516148097168163,-0.052783919743444763
0.41300000000000003,-0.44331673085032719,-0.052783919743444763
0.41400000000000003,-0.53058917775020964,-0.052783919743444763
0.41500000000000004,-0.61256015297546973,-0.052783919743444763
0.41600000000000004,-0.68841062963767041,-0.052783919743444763
0.41700000000000004,-0.75738273484683072,-0.052783919743444763
0.41800000000000004,-0.81878732212684768,-0.052783919743444763
0.41900000000000004,-0.87201085713927717,-0.052783919743444763
0.41999999999998805,-0.91652154791515628,-0.052783919743444763
0.41999999999999998,-0.91652154791563378,0.59831712804695525
0.42099999999999999,-0.95187465834696461,0.59831712804695525
0.42199999999999999,-0.97771695184001939,0.59831712804695525
0.42299999999999999,-0.99379022074054568,0.59831712804695525
0.42399999999999999,-0.99993386625880365,0.59831712804695525
0.42411500823461001,-1,0.59831712804695525
0.42411500823462206,-1,0.59831712804695525
0.42511500823462206,-0.99500416527802593,0.59831712804695525
0.42611500823462206,-0.98006657784124174,0.59831712804695525
0.42711500823462206,-0.95533648912560576,0.59831712804695525
0.42811500823462206,-0.92106099400288699,0.59831712804695525
0.42911500823462206,-0.87758256189037431,0.59831712804695525
0.42999999999998778,-0.83177474262927675,0.59831712804695525
0.42999999999999999,-0.8317747426285983,0.60182150537190537
0.43099999999999999,-0.77220047597160724,0.60182150537190537
0.432,-0.70491063741424809,0.60182150537190537
0.433,-0.630577564780328,0.60182150537190537
0.434,-0.54994396956034775,0.60182150537190537
0.435,-0.46381551598382742,0.60182150537190537
0.436,-0.37305277108862211,0.60182150537190537
0.437,-0.27856260621955026,0.60182150537190537
0.438,-0.18128913586969481,0.60182150537190537
0.439,-0.082204284400443403,0.60182150537190537
0.43999999999998751,0.01770192510416322,0.60182150537190537
0.44,0.017701925105413577,-0.077041274187397479
0.441,0.11743126282709573,-0.077041274187397479
0.442,0.21598726618822409,-0.077041274187397479
0.443,0.31238519618149074,-0.077041274187397479
0.44400000000000001,0.40566187655533587,-0.077041274187397479
0.44500000000000001,0.4948853175526281,-0.077041274187397479
0.44600000000000001,0.57916402804427081,-0.077041274187397479
0.44700000000000001,0.65765592301386944,-0.077041274187397479
0.44800000000000001,0.72957673739285833,-0.077041274187397479
0.44900000000000001,0.79420786217781891,-0.077041274187397479
0.44999999999998724,0.85090352453344653,-0.077041274187397479
0.45000000000000001,0.85090352453411844,0.040954961218162111
0.45100000000000001,0.89909724014458203,0.040954961218162111
0.45200000000000001,0.93830747333355435,0.040954961218162111
0.45300000000000001,0.9681424484121911,0.040954961218162111
0.45400000000000001,0.98830406417163696,0.040954961218162111
0.45500000000000002,0.99859087241177047,0.040954961218162111
0.45553093477050705,1,0.040954961218162111
0.45553093477051998,1,0.040954961218162111
0.45653093477051998,0.99500416527802638,0.040954961218162111
0.45753093477051998,0.98006657784124251,0.040954961218162111
0.45853093477051998,0.95533648912560687,0.040954961218162111
0.45953093477051998,0.92106099400288566,0.040954961218162111
0.45999999999998692,0.90178834764937421,0.040954961218162111
0.46000000000000002,0.90178834764880922,0.56105835166784424
0.46100000000000002,0.85413736127250073,0.56105835166784424
0.46200000000000002,0.79795211672263089,0.56105835166784424
0.46300000000000002,0.7337939983903693,0.56105835166784424
0.46400000000000002,0.66230405298623751,0.56105835166784424
0.46500000000000002,0.58419658441328559,0.56105835166784424
0.46600000000000003,0.50025201667858699,0.56105835166784424
0.46700000000000003,0.41130909615456712,0.56105835166784424
0.46800000000000003,0.31825651110248149,0.56105835166784424
0.46900000000000003,0.22202401219307544,0.56105835166784424
0.46999999999998665,0.12357312274654958,0.56105835166784424
0.47000000000000003,0.123573122745224,0.35775906763918686
0.47100000000000003,0.023887531502738858,0.35775906763918686
0.47200000000000003,-0.076036736058353566,0.35775906763918686
0.47300000000000003,-0.17520126968715413,0.35775906763918686
0.47400000000000003,-0.27261525014308058,0.35775906763918686
0.47500000000000003,-0.36730534913419133,0.35775906763918686
0.47600000000000003,-0.45832545449176587,0.35775906763918686
0.47700000000000004,-0.54476612341031116,0.35775906763918686
0.47800000000000004,-0.62576366929947913,0.35775906763918686
0.47900000000000004,-0.70050879145497436,0.35775906763918686
0.47999999999998633,-0.76825466132279352,0.35775906763918686
0.47999999999999998,-0.76825466132366682,-0.76345115242606287
0.48099999999999998,-0.82832438456764546,-0.76345115242606287
0.48199999999999998,-0.88011776436865863,-0.76345115242606287
0.48299999999999998,-0.92311729839635692,-0.76345115242606287
0.48399999999999999,-0.95689334952048777,-0.76345115242606287
0.48499999999999999,-0.98110843860309704,-0.76345115242606287
0.48599999999999999,-0.99552061647851542,-0.76345115242606287
0.48694686130640413,-1,-0.76345115242606287
0.48694686130641796,-1,-0.76345115242606287
0.48794686130641796,-0.99500416527802604,-0.76345115242606287
0.48894686130641796,-0.98006657784124185,-0.76345115242606287
0.48994686130641796,-0.95533648912560587,-0.76345115242606287
0.48999999999998606,-0.95375265275989041,-0.76345115242606287
0.48999999999999999,-0.95375265275947185,0.44126530351146709
0.49099999999999999,-0.91897868148015205,0.44126530351146709
0.49199999999999999,-0.87502257898944669,0.44126530351146709
0.49299999999999999,-0.82232354013349129,0.44126530351146709
0.49399999999999999,-0.76140811628854088,0.44126530351146709
0.495,-0.69288495423369567,0.44126530351146709
0.496,-0.61743871475346179,0.44126530351146709
0.497,-0.53582323173351487,0.44126530351146709
0.498,-0.44885398010170457,0.44126530351146709
0.499,-0.35739992787211128,0.44126530351146709
0.49999999999998579,-0.26237485370530006,0.44126530351146709
0.5,-0.26237485370392877,0.27984203428026344
0.501,-0.1647282167271322,0.27984203428026344
0.502,-0.065435669860706952,0.27984203428026344
0.503,0.034510688588802733,0.27984203428026344
0.504,0.13411222764565714,0.27984203428026344
0.505,0.23237376165548454,0.27984203428026344
0.50600000000000001,0.3283134938514034,0.27984203428026344
0.50700000000000001,0.42097282614277115,0.27984203428026344
0.50800000000000001,0.50942593711042927,0.27984203428026344
0.50900000000000001,0.59278903250831261,0.27984203428026344
0.50999999999998546,0.67022917584229369,0.27984203428026344
0.51000000000000001,0.67022917584337471,0.16403958275076924
0.51100000000000001,0.74097261080171961,0.16403958275076924
0.51200000000000001,0.80431249236591407,0.16403958275076924
0.51300000000000001,0.85961594937674968,0.16403958275076924
0.51400000000000001,0.90633040797266373,0.16403958275076924
0.51500000000000001,0.94398911272511932,0.16403958275076924
0.51600000000000001,0.97221579030453897,0.16403958275076924
0.51700000000000002,0.99072840907904836,0.16403958275076924
0.51800000000000002,0.99934199708131055,0.16403958275076924
0.51836278784230105,1,0.16403958275076924
0.51836278784231582,1,0.16403958275076924
0.51936278784231582,0.99500416527802638,0.16403958275076924
0.51999999999998525,0.98662759204072614,0.16403958275076924
0.52000000000000002,0.98662759204048534,-0.71329342893168635
0.52100000000000002,0.96542663712974175,-0.71329342893168635
0.52200000000000002,0.93457945838841472,-0.71329342893168635
0.52300000000000002,0.89439427062976606,-0.71329342893168635
0.52400000000000002,0.84527259096642304,-0.71329342893168635
0.52500000000000002,0.78770522698411793,-0.71329342893168635
0.52600000000000002,0.72226737275451303,-0.71329342893168635
0.52700000000000002,0.6496128616861957,-0.71329342893168635
0.52800000000000002,0.5704676336373723,-0.71329342893168635
0.52900000000000003,0.48562248156477261,-0.71329342893168635
0.52999999999998493,0.39592515018321744,-0.71329342893168635
0.53000000000000003,0.39592515018183416,0.074746456713123743
0.53100000000000003,0.30227186557372687,0.074746456713123743
0.53200000000000003,0.20559838040260117,0.074746456713123743
0.53300000000000003,0.10687062417628145,0.074746456713123743
0.53400000000000003,0.0070750519999238318,0.074746456713123743
0.53500000000000003,-0.092791211757308686,0.074746456713123743
0.53600000000000003,-0.19173033639936585,0.074746456713123743
0.53700000000000003,-0.28875375489774341,0.074746456713123743
0.53800000000000003,-0.38289204132648375,0.074746456713123743
0.53900000000000003,-0.47320459704557111,0.074746456713123743
0.53999999999998471,-0.5587890488503493,0.074746456713123743
0.54000000000000004,-0.55878904885161629,0.88933783767030983
0.54100000000000004,-0.63879026519264381,0.88933783767030983
0.54200000000000004,-0.71240890035985405,0.88933783767030983
0.54300000000000004,-0.77890938128574161,0.88933783767030983
0.54400000000000004,-0.83762725714703146,0.88933783767030983
0.54500000000000004,-0.88797583833766658,0.88933783767030983
0.54600000000000004,-0.92945205847741597,0.88933783767030983
0.54700000000000004,-0.96164150088486455,0.88933783767030983
0.54800000000000004,-0.98422253929188874,0.88933783767030983
0.54900000000000004,-0.99696955142702459,0.88933783767030983
0.54977871437819814,-1,0.88933783767030983
0.5497787143782138,-1,0.88933783767030983
0.54999999999998439,-0.99975517335865438,0.88933783767030983
0.55000000000000004,-0.99975517335861963,0.51723124122182629
0.55100000000000005,-0.99255157207313871,0.51723124122182629
0.55200000000000005,-0.97543072357343097,0.51723124122182629
0.55300000000000005,-0.94856369371830584,0.51723124122182629
0.55400000000000005,-0.91221892898901635,0.51723124122182629
0.55500000000000005,-0.86675957426075567,0.51723124122182629
0.55600000000000005,-0.81263984437910375,0.51723124122182629
0.55700000000000005,-0.75040048579543861,0.51723124122182629
0.55800000000000005,-0.6806633736071227,0.51723124122182629
0.55900000000000005,-0.60412529798712145,0.51723124122182629
0.55999999999998418,-0.52155100208826377,0.51723124122182629
0.56000000000000005,-0.52155100208690586,0.043696656600501482
0.56100000000000005,-0.4337655409756776,0.043696656600501482
0.56200000000000006,-0.34164603796285148,0.043696656600501482
0.56300000000000006,-0.24611292067185941,0.043696656600501482
0.56400000000000006,-0.14812072443162932,0.043696656600501482
0.56500000000000006,-0.048648554875080165,0.043696656600501482
0.56600000000000006,0.051309694960706594,0.043696656600501482
0.56700000000000006,0.1507552752851691,0.043696656600501482
0.56800000000000006,0.24869455873205781,0.043696656600501482
0.56900000000000006,0.34414896835558706,0.043696656600501482
0.56999999999998385,0.43616475524637355,0.043696656600501482
0.57000000000000006,0.43616475524783138,-0.78818478709743001
0.57100000000000006,0.52382252808253849,-0.78818478709743001
0.57200000000000006,0.60624643936934564,-0.78818478709743001
0.57300000000000006,0.68261293663240952,-0.78818478709743001
0.57400000000000007,0.75215899107447914,-0.78818478709743001
0.57500000000000007,0.8141897215084386,-0.78818478709743001
0.57600000000000007,0.86808533738042504,-0.78818478709743001
0.57700000000000007,0.91330733151216759,-0.78818478709743001
0.57800000000000007,0.94940386068670335,-0.78818478709743001
0.57900000000000007,0.97601426031645178,-0.78818478709743001
0.57999999999998353,0.99287264808434061,-0.78818478709743001
0.57999999999999996,0.99287264808453624,-0.17067611756983125
0.58099999999999996,0.99981058055302519,-0.17067611756983125
0.58119464091409523,1,-0.17067611756983125
0.58119464091411177,1,-0.17067611756983125
0.58219464091411177,0.99500416527802571,-0.17067611756983125
0.58319464091411177,0.98006657784124118,-0.17067611756983125
0.58419464091411177,0.95533648912560487,-0.17067611756983125
0.58519464091411177,0.9210609940028831,-0.17067611756983125
0.58619464091411178,0.87758256189037298,-0.17067611756983125
0.58719464091411178,0.82533561490967777,-0.17067611756983125
0.58819464091411178,0.76484218728448694,-0.17067611756983125
0.58919464091411178,0.69670670934716272,-0.17067611756983125
0.5899999999999832,0.63673800714043094,-0.17067611756983125
0.58999999999999997,0.63673800713913786,-0.052799154318123875
0.59099999999999997,0.55657739612579948,-0.052799154318123875
0.59199999999999997,0.47085564775039296,-0.052799154318123875
0.59299999999999997,0.38042926538684807,-0.052799154318123875
0.59399999999999997,0.28620175955675359,-0.052799154318123875
0.59499999999999997,0.18911462035089152,-0.052799154318123875
0.59599999999999997,0.090137910371472535,-0.052799154318123875
0.59699999999999998,-0.009739427812753455,-0.052799154318123875
0.59799999999999998,-0.10951945285370121,-0.052799154318123875
0.59899999999999998,-0.20820519572405266,-0.052799154318123875
0.59999999999998288,-0.30481062110058577,-0.052799154318123875
0.59999999999999998,-0.30481062110221668,-0.47088877704713694
0.60099999999999998,-0.39837047951131621,-0.47088877704713694
0.60199999999999998,-0.487949951772918,-0.47088877704713694
0.60299999999999998,-0.57265398941121415,-0.47088877704713694
0.60399999999999998,-0.65163625768155475,-0.47088877704713694
0.60499999999999998,-0.72410759186744955,-0.47088877704713694
0.60599999999999998,-0.78934388235355113,-0.47088877704713694
0.60699999999999998,-0.84669330968956891,-0.47088877704713694
0.60799999999999998,-0.89558285735477006,-0.47088877704713694
0.60899999999999999,-0.93552403714961518,-0.47088877704713694
0.60999999999998267,-0.96611777000794552,-0.47088877704713694
0.60999999999999999,-0.96611777000839294,-0.62733531082685468
0.61099999999999999,-0.98705837346532199,-0.62733531082685468
0.61199999999999999,-0.99813661593270331,-0.62733531082685468
0.6126105674499922,-1,-0.62733531082685468
0.61261056745000964,-1,-0.62733531082685468
0.61361056745000964,-0.99500416527802604,-0.62733531082685468
0.61461056745000964,-0.98006657784124185,-0.62733531082685468
0.61561056745000964,-0.95533648912560809,-0.62733531082685468
0.61661056745000964,-0.92106099400288721,-0.62733531082685468
0.61761056745000964,-0.87758256189037476,-0.62733531082685468
0.61861056745000964,-0.82533561490967988,-0.62733531082685468
0.61961056745000964,-0.76484218728448927,-0.62733531082685468
0.61999999999998234,-0.73918069665040964,-0.62733531082685468
0.62,-0.73918069664922281,0.54846737337030183
0.621,-0.66824935090821502,0.54846737337030183
0.622,-0.59064107854679893,0.54846737337030183
0.623,-0.5071313157685321,0.54846737337030183
0.624,-0.41855446451842543,0.54846737337030183
0.625,-0.32579555541456173,0.54846737337030183
0.626,-0.22978140481468803,0.54846737337030183
0.627,-0.13147135437353982,0.54846737337030183
0.628,-0.031847685618150039,0.54846737337030183
0.629,0.068094194684498136,0.54846737337030183
0.62999999999998213,0.1673557003010416,0.54846737337030183
0.63,0.16735570030280691,0.47383635618580411
0.63100000000000001,0.26494504308412953,0.47383635618580411
0.63200000000000001,0.35988714257414267,0.47383635618580411
0.63300000000000001,0.45123336869842146,0.47383635618580411
0.63400000000000001,0.53807102016059283,0.47383635618580411
0.63500000000000001,0.61953244385195116,0.47383635618580411
0.63600000000000001,0.69480370415453918,0.47383635618580411
0.63700000000000001,0.76313271551678374,0.47383635618580411
0.63800000000000001,0.82383675704372172,0.47383635618580411
0.63900000000000001,0.87630929401850066,0.47383635618580411
0.63999999999998181,0.92002603819607787,0.47383635618580411
0.64000000000000001,0.92002603819679063,-0.087699327871133437
0.64100000000000001,0.9545501863215905,-0.087699327871133437
0.64200000000000002,0.97953678451700943,-0.087699327871133437
0.64300000000000002,0.99473617495334321,-0.087699327871133437
0.64400000000000002,0.99999649034560656,-0.087699327871133437
0.64402649398588929,1,-0.087699327871133437
0.64402649398590761,1,-0.087699327871133437
0.64502649398590761,0.99500416527802571,-0.087699327871133437
0.64602649398590761,0.98006657784124263,-0.087699327871133437
0.64702649398590761,0.95533648912560498,-0.087699327871133437
0.64802649398590761,0.92106099400288588,-0.087699327871133437
0.64902649398590762,0.87758256189036965,-0.087699327871133437
0.64999999999998159,0.82682867949114258,-0.087699327871133437
0.65000000000000002,0.82682867949010352,-0.56689928648222687
0.65100000000000002,0.7665462903887037,-0.56689928648222687
0.65200000000000002,0.69860482414026392,-0.56689928648222687
0.65300000000000002,0.62368312941706772,-0.56689928648222687
0.65400000000000003,0.54252979902695753,-0.56689928648222687
0.65500000000000003,0.45595569022148996,-0.56689928648222687
0.65600000000000003,0.36482582287822918,-0.56689928648222687
0.65700000000000003,0.27005073650816569,-0.56689928648222687
0.65800000000000003,0.17257739244581813,-0.56689928648222687
0.65900000000000003,0.073379712124639368,-0.56689928648222687
0.65999999999998127,-0.026551154022091624,-0.56689928648222687
0.66000000000000003,-0.026551154023966794,0.13686789691840939
0.66100000000000003,-0.12621672981822424,0.13686789691840939
0.66200000000000003,-0.22462118976982778,0.13686789691840939
0.66300000000000003,-0.32078130904314506,0.13686789691840939
0.66400000000000003,-0.4137362875127194,0.13686789691840939
0.66500000000000004,-0.50255734976048727,0.13686789691840939
0.66600000000000004,-0.58635702509283361,0.13686789691840939
0.66700000000000004,-0.66429801485430384,0.13686789691840939
0.66800000000000004,-0.73560155843907937,0.13686789691840939
0.66900000000000004,-0.79955521440948762,0.13686789691840939
0.66999999999998094,-0.85551997897433629,0.13686789691840939
0.67000000000000004,-0.85551997897532228,-0.72956365340611984
0.67100000000000004,-0.90293667070854877,-0.72956365340611984
0.67200000000000004,-0.94133151769922985,-0.72956365340611984
0.67300000000000004,-0.97032089132789434,-0.72956365340611984
0.67400000000000004,-0.98961513935584944,-0.72956365340611984
0.67500000000000004,-0.99902148003463498,-0.72956365340611984
0.67544242052178616,-1,-0.72956365340611984
0.67544242052180536,-1,-0.72956365340611984
0.67644242052180537,-0.99500416527802815,-0.72956365340611984
0.67744242052180537,-0.98006657784124473,-0.72956365340611984
0.67844242052180537,-0.95533648912561231,-0.72956365340611984
0.67944242052180537,-0.9210609940028901,-0.72956365340611984
0.67999999999998073,-0.89792768069014195,-0.72956365340611984
0.68000000000000005,-0.8979276806892913,-0.96242040394861728
0.68100000000000005,-0.84950080065523592,-0.96242040394861728
0.68200000000000005,-0.79258598942867109,-0.96242040394861728
0.68300000000000005,-0.72775192098982133,-0.96242040394861728
0.68400000000000005,-0.65564639591925233,-0.96242040394861728
0.68500000000000005,-0.57698986878854264,-0.96242040394861728
0.68600000000000005,-0.49256824961637896,-0.96242040394861728
0.68700000000000006,-0.40322505131547626,-0.96242040394861728
0.68800000000000006,-0.30985296159029713,-0.96242040394861728
0.68900000000000006,-0.21338492349669264,-0.96242040394861728
0.68999999999998041,-0.11478481378513536,-0.96242040394861728
0.69000000000000006,-0.11478481378318722,-0.35171799160347272
0.69100000000000006,-0.015037812153160929,-0.35171799160347272
0.69200000000000006,0.084859442325045803,-0.35171799160347272
0.69300000000000006,0.18390880930635695,-0.35171799160347272
0.69400000000000006,0.28112062025723483,-0.35171799160347272
0.69500000000000006,0.37552356689662503,-0.35171799160347272
0.69600000000000006,0.46617440618718464,-0.35171799160347272
0.69700000000000006,0.55216738490788031,-0.35171799160347272
0.69800000000000006,0.63264328964085859,-0.35171799160347272
0.69900000000000007,0.7067980317478022,-0.35171799160347272
0.69999999999998019,0.77389068155663809,-0.35171799160347272
0.70000000000000007,0.77389068155788909,0.23527100198792095
0.70100000000000007,0.83325087149210642,0.23527100198792095
0.70200000000000007,0.88428549415448443,0.23527100198792095
0.70300000000000007,0.92648462846519863,0.23527100198792095
0.70400000000000007,0.95942663462338362,0.23527100198792095
0.70500000000000007,0.98278236699269284,0.23527100198792095
0.70600000000000007,0.99631846281567216,0.23527100198792095
0.70685834705768347,1,0.23527100198792095
0.70685834705770356,1,0.23527100198792095
0.70785834705770356,0.99500416527802504,0.23527100198792095
0.70885834705770356,0.98006657784124129,0.23527100198792095
0.70985834705770356,0.95533648912560298,0.23527100198792095
0.70999999999997976,0.95105465325499827,0.23527100198792095
0.70999999999999996,0.95105465325437466,-0.70065027235556632
0.71099999999999997,0.91545254662081066,-0.70065027235556632
0.71199999999999997,0.87070354074978484,-0.70065027235556632
0.71299999999999997,0.81725475291591831,-0.70065027235556632
0.71399999999999997,0.75564022573942113,-0.70065027235556632
0.71499999999999997,0.68647559120877555,-0.70065027235556632
0.71599999999999997,0.61045191948944288,-0.70065027235556632
0.71699999999999997,0.52832881397913645,-0.70065027235556632
0.71799999999999997,0.44092682160184898,-0.70065027235556632
0.71899999999999997,0.34911923417414559,-0.70065027235556632
0.71999999999997955,0.25382336276401563,-0.70065027235556632
0.71999999999999997,0.25382336276203626,0.22419144521099321
0.72099999999999997,0.15599137221207091,0.22419144521099321
0.72199999999999998,0.056600767434840576,0.22419144521099321
0.72299999999999998,-0.043355373500858371,0.22419144521099321
0.72399999999999998,-0.14287832187591787,0.22419144521099321
0.72499999999999998,-0.2409736772881011,0.22419144521099321
0.72599999999999998,-0.33666130337211508,0.22419144521099321
0.72699999999999998,-0.42898512099827929,0.22419144521099321
0.72799999999999998,-0.51702266109904349,0.22419144521099321
0.72899999999999998,-0.59989428167507619,0.22419144521099321
0.72999999999997922,-0.67677195688578018,0.22419144521099321
0.72999999999999998,-0.67677195688730762,-0.55535722886104066
0.73099999999999998,-0.74688755041737642,-0.55535722886104066
0.73199999999999998,-0.80954049043188347,-0.55535722886104066
0.73299999999999998,-0.86410476946449477,-0.55535722886104066
0.73399999999999999,-0.91003519927568444,-0.55535722886104066
0.73499999999999999,-0.94687285819334754,-0.55535722886104066
0.73599999999999999,-0.97424967650649708,-0.55535722886104066
0.73699999999999999,-0.99189211409612288,-0.55535722886104066
0.73799999999999999,-0.99962389355763892,-0.55535722886104066
0.73827427359358022,-1,-0.55535722886104066
0.7382742735936012,-1,-0.55535722886104066
0.73927427359360121,-0.99500416527802749,-0.55535722886104066
0.73999999999997901,-0.98514626046860854,-0.55535722886104066
0.73999999999999999,-0.98514626046824738,0.23386799759088728
0.74099999999999999,-0.96308150364150069,0.23386799759088728
0.74199999999999999,-0.93139395478278331,0.23386799759088728
0.74299999999999999,-0.89040022540578923,0.23386799759088728
0.74399999999999999,-0.84050991130371666,0.23386799759088728
0.745,-0.7822215000035424,0.23386799759088728
0.746,-0.71611739004338404,0.23386799759088728
0.747,-0.64285807183883892,0.23386799759088728
0.748,-0.56317552828111683,0.23386799759088728
0.749,-0.47786592100587683,0.23386799759088728
0.74999999999997868,-0.38778163541139526,0.23386799759088728
0.75,-0.38778163540943045,-0.22702204371500345
0.751,-0.29382276389553968,-0.22702204371500345
0.752,-0.19692811244968383,-0.22702204371500345
0.753,-0.098065820400023818,-0.22702204371500345
0.754,0.001776312910836964,-0.22702204371500345
0.755,0.1016006978902495,-0.22702204371500345
0.75600000000000001,0.2004099222810683,-0.22702204371500345
0.75700000000000001,0.29721671697518109,-0.22702204371500345
0.75800000000000001,0.39105382048004866,-0.22702204371500345
0.75900000000000001,0.48098364347589934,-0.22702204371500345
0.75999999999997836,0.56610763689639976,-0.22702204371500345
0.76000000000000001,0.56610763689818033,0.88749615100386925
0.76100000000000001,0.6455752699428805,0.88749615100386925
0.76200000000000001,0.71859252828913434,0.88749615100386925
0.76300000000000001,0.78442984762782186,0.88749615100386925
0.76400000000000001,0.84242940322705384,0.88749615100386925
0.76500000000000001,0.89201168269937048,0.88749615100386925
0.76600000000000001,0.93268127629801578,0.88749615100386925
0.76700000000000002,0.96403182688733613,0.88749615100386925
0.76800000000000002,0.98575009012894854,0.88749615100386925
0.76900000000000002,0.99761906431565206,0.88749615100386925
0.76969020012947731,1,0.88749615100386925
0.76969020012949918,1,0.88749615100386925
0.76999999999997815,0.99952015858079901,0.88749615100386925
0.77000000000000002,0.99952015858073129,0.80519694318184554
0.77100000000000002,0.99143437781870802,0.80519694318184554
0.77200000000000002,0.97344251247815516,0.80519694318184554
0.77300000000000002,0.94572433133023504,0.80519694318184554
0.77400000000000002,0.9085567852785591,0.80519694318184554
0.77500000000000002,0.86231124015732896,0.80519694318184554
0.77600000000000002,0.80744976616663822,0.80519694318184554
0.77700000000000002,0.74452052101982491,0.80519694318184554
0.77800000000000002,0.67415227293274615,0.80519694318184554
0.77900000000000003,0.59704811817962622,0.80519694318184554
0.77999999999997782,0.51397845598943692,0.80519694318184554
0.78000000000000003,0.51397845598753522,0.36364059601063858
0.78100000000000003,0.42577329096189342,0.36364059601063858
0.78200000000000003,0.33331393995491093,0.36364059601063858
0.78300000000000003,0.23752422623883931,0.36364059601063858
0.78400000000000003,0.13936124896924576,0.36364059601063858
0.78500000000000003,0.039805820166669656,0.36364059601063858
0.78600000000000003,-0.060147335232971201,0.36364059601063858
0.78700000000000003,-0.15949951834101572,0.36364059601063858
0.78800000000000003,-0.25725803498532801,0.36364059601063858
0.78900000000000003,-0.35244611438228074,0.36364059601063858
0.78999999999997761,-0.44411266870549665,0.36364059601063858
0.79000000000000004,-0.44411266870750837,-0.10010002066849266
0.79100000000000004,-0.53134179605115328,-0.10010002066849266
0.79200000000000004,-0.61326193180688915,-0.10010002066849266
0.79300000000000004,-0.68905455705745389,-0.10010002066849266
0.79400000000000004,-0.7579623769450643,-0.10010002066849266
0.79500000000000004,-0.81929688731128081,-0.10010002066849266
0.79600000000000004,-0.87244525400303485,-0.10010002066849266
0.79700000000000004,-0.91687643610884184,-0.10010002066849266
0.79800000000000004,-0.95214649194410905,-0.10010002066849266
0.79900000000000004,-0.97790301476965114,-0.10010002066849266
0.79999999999997728,-0.9938886539231242,-0.10010002066849266
0.80000000000000004,-0.99388865392337522,-0.280984195713183
0.80100000000000005,-0.99994368618300733,-0.280984195713183
0.80110612666537451,-1,-0.280984195713183
0.80110612666539727,-1,-0.280984195713183
0.80210612666539727,-0.99500416527802538,-0.280984195713183
0.80310612666539727,-0.98006657784124207,-0.280984195713183
0.80410612666539727,-0.95533648912560831,-0.280984195713183
0.80510612666539727,-0.92106099400288477,-0.280984195713183
0.80610612666539727,-0.87758256189037509,-0.280984195713183
0.80710612666539727,-0.82533561490967622,-0.280984195713183
0.80810612666539727,-0.76484218728448972,-0.280984195713183
0.80910612666539727,-0.69670670934716072,-0.280984195713183
0.80999999999997707,-0.62988799427623088,-0.280984195713183
0.81000000000000005,-0.62988799427445386,0.22612692397696121
0.81100000000000005,-0.54920196271477939,0.22612692397696121
0.81200000000000006,-0.46302848668570268,0.22612692397696121
0.81300000000000006,-0.37222858307451812,0.22612692397696121
0.81400000000000006,-0.27770949450367671,0.22612692397696121
0.81500000000000006,-0.1804156244623088,0.22612692397696121
0.81600000000000006,-0.081319101138776037,0.22612692397696121
0.81700000000000006,0.018589935762800332,0.22612692397696121
0.81800000000000006,0.11831322817126469,0.22612692397696121
0.81900000000000006,0.21685437391298126,0.22612692397696121
0.81999999999997675,0.31322878243087188,0.22612692397696121
0.82000000000000006,0.31322878243308516,-0.12593609446797893
0.82100000000000006,0.40647351249880054,-0.12593609446797893
0.82200000000000006,0.49565689358989423,-0.12593609446797893
0.82300000000000006,0.57988783484263551,-0.12593609446797893
0.82400000000000007,0.65832472853505053,-0.12593609446797893
0.82500000000000007,0.73018385915316686,-0.12593609446797893
0.82600000000000007,0.79474723401732772,-0.12593609446797893
0.82700000000000007,0.85136975722768615,-0.12593609446797893
0.82800000000000007,0.89948567524925815,-0.12593609446797893
0.82900000000000007,0.93861422973416631,-0.12593609446797893
0.82999999999997653,0.96836446109960028,-0.12593609446797893
0.83000000000000007,0.96836446110018537,0.80469715683830367
0.83100000000000007,0.98843911486962743,0.80469715683830367
0.83200000000000007,0.99863761173782073,0.80469715683830367
0.83252205320127159,1,0.80469715683830367
0.83252205320129524,1,0.80469715683830367
0.83352205320129524,0.99500416527802504,0.80469715683830367
0.83452205320129524,0.9800665778412414,0.80469715683830367
0.83552205320129525,0.95533648912560309,0.80469715683830367
0.83652205320129525,0.92106099400288344,0.80469715683830367
0.83752205320129525,0.87758256189037342,0.80469715683830367
0.83852205320129525,0.82533561490967433,0.80469715683830367
0.83952205320129525,0.7648421872844875,0.80469715683830367
0.8399999999999761,0.73319032007491569,0.80469715683830367
0.83999999999999997,0.73319032007329221,0.39526239116565853
0.84099999999999997,0.66163835344985555,0.39526239116565853
0.84199999999999997,0.58347551510729889,0.39526239116565853
0.84299999999999997,0.49948278228916382,0.39526239116565853
0.84399999999999997,0.41049938261745234,0.39526239116565853
0.84499999999999997,0.31741440880766936,0.39526239116565853
0.84599999999999997,0.22115793514834708,0.39526239116565853
0.84699999999999998,0.12269172450610251,0.39526239116565853
0.84799999999999998,0.022999618709098966,0.39526239116565853
0.84899999999999998,-0.076922291675382726,0.39526239116565853
0.84999999999997577,-0.17607561994620899,0.39526239116565853
0.84999999999999998,-0.17607561994858709,-0.80143929687362148
0.85099999999999998,-0.27346965883011287,-0.80143929687362148
0.85199999999999998,-0.36813127927767236,-0.80143929687362148
0.85299999999999998,-0.4591146536706982,-0.80143929687362148
0.85399999999999998,-0.54551070620737407,-0.80143929687362148
0.85499999999999998,-0.62645619608950265,-0.80143929687362148
0.85599999999999998,-0.70114234273918041,-0.80143929687362148
0.85699999999999998,-0.76882290686706245,-0.80143929687362148
0.85799999999999998,-0.82882164664858404,-0.80143929687362148
0.85899999999999999,-0.88053907450881153,-0.80143929687362148
0.85999999999997556,-0.92345844700312196,-0.80143929687362148
0.85999999999999999,-0.92345844700405977,-0.87954906697374513
0.86099999999999999,-0.95715092795162249,-0.87954906697374513
0.86199999999999999,-0.98127987321912791,-0.87954906697374513
0.86299999999999999,-0.99560419436142511,-0.87954906697374513
0.86393797973716857,-1,-0.87954906697374513
0.86393797973719311,-1,-0.87954906697374513
0.86493797973719311,-0.99500416527802615,-0.87954906697374513
0.86593797973719311,-0.98006657784124351,-0.87954906697374513
0.86693797973719311,-0.95533648912560631,-0.87954906697374513
0.86793797973719311,-0.92106099400288766,-0.87954906697374513
0.86893797973719311,-0.87758256189037176,-0.87954906697374513
0.86993797973719311,-0.82533561490968044,-0.87954906697374513
0.86999999999997524,-0.8218178366322314,-0.87954906697374513
0.87,-0.82181783663082253,0.93961813765103419
0.871,-0.76083204804206972,0.93961813765103419
0.872,-0.69224427712690884,0.93961813765103419
0.873,-0.61673983022024081,0.93961813765103419
0.874,-0.53507312279708397,0.93961813765103419
0.875,-0.44806014160260915,0.93961813765103419
0.876,-0.35657029158223291,0.93961813765103419
0.877,-0.2615177090748213,0.93961813765103419
0.878,-0.163852128064609,0.93961813765103419
0.879,-0.064549390753073588,0.93961813765103419
0.87999999999997502,0.035398302731161138,0.93961813765103419
0.88,0.03539830273366068,0.33353342286626186
0.88100000000000001,0.13499230808060345,0.33353342286626186
0.88200000000000001,0.23323751490774314,0.33353342286626186
0.88300000000000001,0.32915228958398285,0.33353342286626186
0.88400000000000001,0.42177828338599382,0.33353342286626186
0.88500000000000001,0.51019000800176306,0.33353342286626186
0.88600000000000001,0.5935040827039737,0.33353342286626186
0.88700000000000001,0.67088806079818375,0.33353342286626186
0.88800000000000001,0.74156874715499599,0.33353342286626186
0.88900000000000001,0.80483992372028179,0.33353342286626186
0.8899999999999747,0.86006940581116276,0.33353342286626186
0.89000000000000001,0.86006940581245328,0.30628006470070224
0.89100000000000001,0.90670535870289448,0.30628006470070224
0.89200000000000002,0.94428181136612532,0.30628006470070224
0.89300000000000002,0.97242331230824797,0.30628006470070224
0.89400000000000002,0.99084868095420031,0.30628006470070224
0.89500000000000002,0.99937381711108364,0.30628006470070224
0.89535390627306566,1,0.30628006470070224
0.89535390627309108,1,0.30628006470070224
0.89635390627309108,0.99500416527802582,0.30628006470070224
0.89735390627309108,0.98006657784124285,0.30628006470070224
0.89835390627309109,0.95533648912560531,0.30628006470070224
0.89935390627309109,0.92106099400288632,0.30628006470070224
0.89999999999997449,0.89399666360170404,0.30628006470070224
0.90000000000000002,0.89399666360055785,0.34127574771206737
0.90100000000000002,0.84479768401973421,0.34127574771206737
0.90200000000000002,0.78715776523317937,0.34127574771206737
0.90300000000000002,0.72165282625617833,0.34127574771206737
0.90400000000000003,0.64893737078592439,0.34127574771206737
0.90500000000000003,0.56973794761696306,0.34127574771206737
0.90600000000000003,0.48484589120572757,0.34127574771206737
0.90700000000000003,0.39510941491832008,0.34127574771206737
0.90800000000000003,0.30142513596285736,0.34127574771206737
0.90900000000000003,0.20472911668674296,0.34127574771206737
0.90999999999997416,0.10598751175372866,0.34127574771206737
0.91000000000000003,0.10598751175115685,-0.65818082766099384
0.91100000000000003,0.0061869146329524855,-0.65818082766099384
0.91200000000000003,-0.093675500091128128,-0.65818082766099384
0.91300000000000003,-0.19260194018330173,-0.65818082766099384
0.91400000000000003,-0.28960396535491445,-0.65818082766099384
0.91500000000000004,-0.38371236343503057,-0.65818082766099384
0.91600000000000004,-0.47398683441816059,-0.65818082766099384
0.91700000000000004,-0.55952538563098819,-0.65818082766099384
0.91800000000000004,-0.63947334414509394,-0.65818082766099384
0.91900000000000004,-0.71303189638629616,-0.65818082766099384
0.91999999999997384,-0.77946606961416665,-0.65818082766099384
0.92000000000000004,-0.77946606961580467,-0.57923487657197636
0.92100000000000004,-0.83811207553494704,-0.57923487657197636
0.92200000000000004,-0.88838394263835463,-0.57923487657197636
0.92300000000000004,-0.92977937104761443,-0.57923487657197636
0.92400000000000004,-0.96188475132555862,-0.57923487657197636
0.92500000000000004,-0.98437929712508443,-0.57923487657197636
0.92600000000000005,-0.99703825038027216,-0.57923487657197636
0.92676983280896252,-1,-0.57923487657197636
0.92676983280898884,-1,-0.57923487657197636
0.92776983280898884,-0.99500416527802682,-0.57923487657197636
0.92876983280898884,-0.98006657784124496,-0.57923487657197636
0.92976983280898884,-0.95533648912561264,-0.57923487657197636
0.92999999999997363,-0.94828214127078625,-0.57923487657197636
0.93000000000000005,-0.94828214126994725,-0.28369565943342068
0.93100000000000005,-0.91185468860788121,-0.28369565943342068
0.93200000000000005,-0.8663162853163362,-0.28369565943342068
0.93300000000000005,-0.81212193606799377,-0.28369565943342068
0.93400000000000005,-0.74981313288628848,-0.28369565943342068
0.93500000000000005,-0.68001244473605282,-0.28369565943342068
0.93600000000000005,-0.60341729702023272,-0.28369565943342068
0.93700000000000006,-0.52079300313583676,-0.28369565943342068
0.93800000000000006,-0.43296511771537394,-0.28369565943342068
0.93900000000000006,-0.34081118795795157,-0.28369565943342068
0.9399999999999733,-0.24525198547024438,-0.28369565943342068
0.94000000000000006,-0.24525198546765434,-0.74214740324349782
0.94100000000000006,-0.14724230620807843,-0.74214740324349782
0.94200000000000006,-0.047761430496720748,-0.74214740324349782
0.94300000000000006,0.052196661640344436,-0.74214740324349782
0.94400000000000006,0.15163322198820756,-0.74214740324349782
0.94500000000000006,0.24955471330524379,-0.74214740324349782
0.94600000000000006,0.34498273641876831,-0.74214740324349782
0.94700000000000006,0.4369638060661144,-0.74214740324349782
0.94800000000000006,0.5245788778042908,-0.74214740324349782
0.94900000000000007,0.60695253079815714,-0.74214740324349782
0.94999999999997309,0.68326171473415986,-0.74214740324349782
0.95000000000000007,0.68326171473612096,0.50137227808622931
0.95100000000000007,0.75274397347674626,0.50137227808622931
0.95200000000000007,0.81470506325845804,0.50137227808622931
0.95300000000000007,0.86852588935378816,0.50137227808622931
0.95400000000000007,0.91366869185917654,0.50137227808622931
0.95500000000000007,0.94968241881422433,0.50137227808622931
0.95600000000000007,0.97620723296375511,0.50137227808622931
0.95700000000000007,0.99297810713271717,0.50137227808622931
0.95800000000000007,0.9998274722901328,0.50137227808622931
0.95818575934485961,1,0.50137227808622931
0.95818575934488681,1,0.50137227808622931
0.95918575934488681,0.99500416527802649,0.50137227808622931
0.95999999999997265,0.98358774543483718,0.50137227808622931
0.95999999999999996,0.98358774543434491,-0.36914330054287414
0.96099999999999997,0.96066091540374599,-0.36914330054287414
0.96199999999999997,0.92813547905870775,-0.36914330054287414
0.96299999999999997,0.88633641980771916,-0.36914330054287414
0.96399999999999997,0.83568138003388015,-0.36914330054287414
0.96499999999999997,0.7766764881502719,-0.36914330054287414
0.96599999999999997,0.70991130153218807,-0.36914330054287414
0.96699999999999997,0.63605291585466117,-0.36914330054287414
0.96799999999999997,0.55583929969306567,-0.36914330054287414
0.96899999999999997,0.47007192098498191,-0.36914330054287414
0.96999999999997244,0.37960773903007222,-0.36914330054287414
0.96999999999999997,0.37960773902752171,0.21566133369124985
0.97099999999999997,0.28535064202334681,0.21566133369124985
0.97199999999999998,0.18824241572844258,0.21566133369124985
0.97299999999999998,0.089253333440263247,0.21566133369124985
0.97399999999999998,-0.01062753865242161,0.21566133369124985
0.97499999999999998,-0.11040222389190282,0.21566133369124985
0.97599999999999998,-0.20907380660436528,0.21566133369124985
0.97699999999999998,-0.30565639295186264,0.21566133369124985
0.97799999999999998,-0.39918496165754186,0.21566133369124985
0.97899999999999998,-0.48872500617934411,0.21566133369124985
0.97999999999997212,-0.57338187198814095,0.21566133369124985
0.97999999999999998,-0.5733818719904229,-0.27257845301008277
0.98099999999999998,-0.65230969567140917,-0.27257845301008277
0.98199999999999998,-0.72471985649817483,-0.27257845301008277
0.98299999999999998,-0.78988885607933479,-0.27257845301008277
0.98399999999999999,-0.84716554731310001,-0.27257845301008277
0.98499999999999999,-0.89597764043380335,-0.27257845301008277
0.98599999999999999,-0.93583742114212409,-0.27257845301008277
0.98699999999999999,-0.96634662368512037,-0.27257845301008277
0.98799999999999999,-0.98720041019597526,-0.27257845301008277
0.98899999999999999,-0.9981904165332236,-0.27257845301008277
0.98960168588075659,-1,-0.27257845301008277
0.98960168588078468,-1,-0.27257845301008277
0.9899999999999719,-0.99920683418646572,-0.27257845301008277
0.98999999999999999,-0.9992068341863537,-0.34990554474059155
0.99099999999999999,-0.99023950744616063,-0.34990554474059155
0.99199999999999999,-0.97137803487722485,-0.34990554474059155
0.99299999999999999,-0.9428108740786868,-0.34990554474059155
0.99399999999999999,-0.90482345867818925,-0.34990554474059155
0.995,-0.857795346373455,-0.34990554474059155
0.996,-0.8021964265172008,-0.34990554474059155
0.997,-0.73858222513806138,-0.34990554474059155
0.998,-0.66758835430817576,-0.34990554474059155
0.999,-0.58992416131740266,-0.34990554474059155
0.99999999999997158,-0.50636564111220961,-0.34990554474059155
1,-0.50636564110975879,0.14039355217022664
